ISO-10303-21;
HEADER;
/* Generated by software containing ST-Developer
 * from STEP Tools, Inc. (www.steptools.com) 
 */
/* OPTION: strings as raw bytes, not using required /X/ escapes */

FILE_DESCRIPTION(
/* description */ ('Unknown',
'CAx-IF Rec.Pracs.---Representation and Presentation of Product Manufa
cturing Information (PMI)---4.0---2014-10-13',
'CAx-IF Rec.Pracs.---3D Tessellated Geometry---0.4---2014-09-14','2;1'),

/* implementation_level */ '2;1');

FILE_NAME(
/* name */ 'HCPL-7800A-300E',
/* time_stamp */ '2022-12-13T14:43:05+02:00',
/* author */ ('Unknown'),
/* organization */ ('Unknown'),
/* preprocessor_version */ 'ST-DEVELOPER v18.102',
/* originating_system */ 'Solid Edge',
/* authorisation */ 'Unknown');

FILE_SCHEMA (('AP242_MANAGED_MODEL_BASED_3D_ENGINEERING_MIM_LF { 1 0 10303 442 1 1 4 }'));
ENDSEC;

DATA;
#10=CONSTRUCTIVE_GEOMETRY_REPRESENTATION_RELATIONSHIP(
'supplemental geometry','',#3877,#11);
#11=CONSTRUCTIVE_GEOMETRY_REPRESENTATION('supplemental geometry',(#4098),
#5693);
#12=SHAPE_REPRESENTATION_RELATIONSHIP('','',#3877,#13);
#13=ADVANCED_BREP_SHAPE_REPRESENTATION('',(#3875),#5693);
#14=PLANE('',#3883);
#15=PLANE('',#3884);
#16=PLANE('',#3891);
#17=PLANE('',#3892);
#18=PLANE('',#3893);
#19=PLANE('',#3894);
#20=PLANE('',#3896);
#21=PLANE('',#3901);
#22=PLANE('',#3908);
#23=PLANE('',#3909);
#24=PLANE('',#3910);
#25=PLANE('',#3911);
#26=PLANE('',#3912);
#27=PLANE('',#3914);
#28=PLANE('',#3916);
#29=PLANE('',#3918);
#30=PLANE('',#3919);
#31=PLANE('',#3920);
#32=PLANE('',#3921);
#33=PLANE('',#3922);
#34=PLANE('',#3923);
#35=PLANE('',#3924);
#36=PLANE('',#3925);
#37=PLANE('',#3926);
#38=PLANE('',#3927);
#39=PLANE('',#3928);
#40=PLANE('',#3929);
#41=PLANE('',#3933);
#42=PLANE('',#3934);
#43=PLANE('',#3935);
#44=PLANE('',#3943);
#45=PLANE('',#3944);
#46=PLANE('',#3951);
#47=PLANE('',#3952);
#48=PLANE('',#3959);
#49=PLANE('',#3960);
#50=PLANE('',#3961);
#51=PLANE('',#3962);
#52=PLANE('',#3963);
#53=PLANE('',#3964);
#54=PLANE('',#3965);
#55=PLANE('',#3972);
#56=PLANE('',#3973);
#57=PLANE('',#3974);
#58=PLANE('',#3975);
#59=PLANE('',#3982);
#60=PLANE('',#3983);
#61=PLANE('',#3984);
#62=PLANE('',#3985);
#63=PLANE('',#3992);
#64=PLANE('',#3993);
#65=PLANE('',#3994);
#66=PLANE('',#3995);
#67=PLANE('',#3996);
#68=PLANE('',#3997);
#69=PLANE('',#3998);
#70=PLANE('',#3999);
#71=PLANE('',#4000);
#72=PLANE('',#4001);
#73=PLANE('',#4002);
#74=PLANE('',#4006);
#75=PLANE('',#4010);
#76=PLANE('',#4011);
#77=PLANE('',#4012);
#78=PLANE('',#4013);
#79=PLANE('',#4014);
#80=PLANE('',#4015);
#81=PLANE('',#4016);
#82=PLANE('',#4017);
#83=PLANE('',#4018);
#84=PLANE('',#4019);
#85=PLANE('',#4023);
#86=PLANE('',#4024);
#87=PLANE('',#4028);
#88=PLANE('',#4032);
#89=PLANE('',#4033);
#90=PLANE('',#4034);
#91=PLANE('',#4035);
#92=PLANE('',#4042);
#93=PLANE('',#4043);
#94=PLANE('',#4044);
#95=PLANE('',#4045);
#96=PLANE('',#4046);
#97=PLANE('',#4047);
#98=PLANE('',#4054);
#99=PLANE('',#4055);
#100=PLANE('',#4056);
#101=PLANE('',#4057);
#102=PLANE('',#4058);
#103=PLANE('',#4059);
#104=PLANE('',#4060);
#105=PLANE('',#4061);
#106=PLANE('',#4062);
#107=PLANE('',#4063);
#108=PLANE('',#4064);
#109=PLANE('',#4065);
#110=PLANE('',#4067);
#111=PLANE('',#4068);
#112=PLANE('',#4069);
#113=PLANE('',#4070);
#114=PLANE('',#4071);
#115=PLANE('',#4072);
#116=PLANE('',#4075);
#117=PLANE('',#4076);
#118=PLANE('',#4077);
#119=PLANE('',#4079);
#120=PLANE('',#4083);
#121=PLANE('',#4084);
#122=PLANE('',#4085);
#123=PLANE('',#4089);
#124=PLANE('',#4090);
#125=PLANE('',#4091);
#126=PLANE('',#4092);
#127=PLANE('',#4093);
#128=PLANE('',#4094);
#129=PLANE('',#4097);
#130=LINE('',#4883,#465);
#131=LINE('',#4887,#466);
#132=LINE('',#4889,#467);
#133=LINE('',#4891,#468);
#134=LINE('',#4893,#469);
#135=LINE('',#4895,#470);
#136=LINE('',#4898,#471);
#137=LINE('',#4899,#472);
#138=LINE('',#4901,#473);
#139=LINE('',#4903,#474);
#140=LINE('',#4905,#475);
#141=LINE('',#4907,#476);
#142=LINE('',#4909,#477);
#143=LINE('',#4915,#478);
#144=LINE('',#4920,#479);
#145=LINE('',#4924,#480);
#146=LINE('',#4925,#481);
#147=LINE('',#4927,#482);
#148=LINE('',#4930,#483);
#149=LINE('',#4931,#484);
#150=LINE('',#4933,#485);
#151=LINE('',#4936,#486);
#152=LINE('',#4938,#487);
#153=LINE('',#4940,#488);
#154=LINE('',#4945,#489);
#155=LINE('',#4947,#490);
#156=LINE('',#4949,#491);
#157=LINE('',#4951,#492);
#158=LINE('',#4954,#493);
#159=LINE('',#4956,#494);
#160=LINE('',#4958,#495);
#161=LINE('',#4960,#496);
#162=LINE('',#4962,#497);
#163=LINE('',#4969,#498);
#164=LINE('',#4973,#499);
#165=LINE('',#4975,#500);
#166=LINE('',#4978,#501);
#167=LINE('',#4980,#502);
#168=LINE('',#4982,#503);
#169=LINE('',#4984,#504);
#170=LINE('',#4986,#505);
#171=LINE('',#4988,#506);
#172=LINE('',#4990,#507);
#173=LINE('',#4994,#508);
#174=LINE('',#5000,#509);
#175=LINE('',#5004,#510);
#176=LINE('',#5005,#511);
#177=LINE('',#5007,#512);
#178=LINE('',#5008,#513);
#179=LINE('',#5010,#514);
#180=LINE('',#5012,#515);
#181=LINE('',#5014,#516);
#182=LINE('',#5016,#517);
#183=LINE('',#5018,#518);
#184=LINE('',#5020,#519);
#185=LINE('',#5024,#520);
#186=LINE('',#5026,#521);
#187=LINE('',#5028,#522);
#188=LINE('',#5030,#523);
#189=LINE('',#5033,#524);
#190=LINE('',#5035,#525);
#191=LINE('',#5042,#526);
#192=LINE('',#5043,#527);
#193=LINE('',#5045,#528);
#194=LINE('',#5047,#529);
#195=LINE('',#5049,#530);
#196=LINE('',#5051,#531);
#197=LINE('',#5053,#532);
#198=LINE('',#5055,#533);
#199=LINE('',#5057,#534);
#200=LINE('',#5059,#535);
#201=LINE('',#5061,#536);
#202=LINE('',#5063,#537);
#203=LINE('',#5065,#538);
#204=LINE('',#5067,#539);
#205=LINE('',#5070,#540);
#206=LINE('',#5072,#541);
#207=LINE('',#5074,#542);
#208=LINE('',#5076,#543);
#209=LINE('',#5078,#544);
#210=LINE('',#5080,#545);
#211=LINE('',#5082,#546);
#212=LINE('',#5084,#547);
#213=LINE('',#5086,#548);
#214=LINE('',#5088,#549);
#215=LINE('',#5091,#550);
#216=LINE('',#5093,#551);
#217=LINE('',#5095,#552);
#218=LINE('',#5097,#553);
#219=LINE('',#5099,#554);
#220=LINE('',#5101,#555);
#221=LINE('',#5103,#556);
#222=LINE('',#5105,#557);
#223=LINE('',#5107,#558);
#224=LINE('',#5109,#559);
#225=LINE('',#5112,#560);
#226=LINE('',#5114,#561);
#227=LINE('',#5116,#562);
#228=LINE('',#5118,#563);
#229=LINE('',#5120,#564);
#230=LINE('',#5122,#565);
#231=LINE('',#5124,#566);
#232=LINE('',#5126,#567);
#233=LINE('',#5128,#568);
#234=LINE('',#5133,#569);
#235=LINE('',#5136,#570);
#236=LINE('',#5139,#571);
#237=LINE('',#5144,#572);
#238=LINE('',#5150,#573);
#239=LINE('',#5154,#574);
#240=LINE('',#5156,#575);
#241=LINE('',#5158,#576);
#242=LINE('',#5161,#577);
#243=LINE('',#5166,#578);
#244=LINE('',#5168,#579);
#245=LINE('',#5174,#580);
#246=LINE('',#5176,#581);
#247=LINE('',#5178,#582);
#248=LINE('',#5181,#583);
#249=LINE('',#5186,#584);
#250=LINE('',#5188,#585);
#251=LINE('',#5194,#586);
#252=LINE('',#5196,#587);
#253=LINE('',#5198,#588);
#254=LINE('',#5201,#589);
#255=LINE('',#5203,#590);
#256=LINE('',#5205,#591);
#257=LINE('',#5207,#592);
#258=LINE('',#5209,#593);
#259=LINE('',#5211,#594);
#260=LINE('',#5213,#595);
#261=LINE('',#5215,#596);
#262=LINE('',#5217,#597);
#263=LINE('',#5219,#598);
#264=LINE('',#5221,#599);
#265=LINE('',#5223,#600);
#266=LINE('',#5225,#601);
#267=LINE('',#5228,#602);
#268=LINE('',#5229,#603);
#269=LINE('',#5231,#604);
#270=LINE('',#5233,#605);
#271=LINE('',#5239,#606);
#272=LINE('',#5244,#607);
#273=LINE('',#5248,#608);
#274=LINE('',#5249,#609);
#275=LINE('',#5251,#610);
#276=LINE('',#5253,#611);
#277=LINE('',#5255,#612);
#278=LINE('',#5257,#613);
#279=LINE('',#5259,#614);
#280=LINE('',#5261,#615);
#281=LINE('',#5263,#616);
#282=LINE('',#5269,#617);
#283=LINE('',#5274,#618);
#284=LINE('',#5278,#619);
#285=LINE('',#5280,#620);
#286=LINE('',#5281,#621);
#287=LINE('',#5283,#622);
#288=LINE('',#5285,#623);
#289=LINE('',#5287,#624);
#290=LINE('',#5289,#625);
#291=LINE('',#5291,#626);
#292=LINE('',#5293,#627);
#293=LINE('',#5295,#628);
#294=LINE('',#5301,#629);
#295=LINE('',#5306,#630);
#296=LINE('',#5310,#631);
#297=LINE('',#5312,#632);
#298=LINE('',#5313,#633);
#299=LINE('',#5315,#634);
#300=LINE('',#5317,#635);
#301=LINE('',#5319,#636);
#302=LINE('',#5321,#637);
#303=LINE('',#5323,#638);
#304=LINE('',#5325,#639);
#305=LINE('',#5327,#640);
#306=LINE('',#5329,#641);
#307=LINE('',#5331,#642);
#308=LINE('',#5333,#643);
#309=LINE('',#5335,#644);
#310=LINE('',#5338,#645);
#311=LINE('',#5340,#646);
#312=LINE('',#5342,#647);
#313=LINE('',#5344,#648);
#314=LINE('',#5346,#649);
#315=LINE('',#5348,#650);
#316=LINE('',#5350,#651);
#317=LINE('',#5352,#652);
#318=LINE('',#5354,#653);
#319=LINE('',#5356,#654);
#320=LINE('',#5358,#655);
#321=LINE('',#5360,#656);
#322=LINE('',#5362,#657);
#323=LINE('',#5364,#658);
#324=LINE('',#5366,#659);
#325=LINE('',#5368,#660);
#326=LINE('',#5371,#661);
#327=LINE('',#5372,#662);
#328=LINE('',#5378,#663);
#329=LINE('',#5380,#664);
#330=LINE('',#5382,#665);
#331=LINE('',#5386,#666);
#332=LINE('',#5390,#667);
#333=LINE('',#5392,#668);
#334=LINE('',#5394,#669);
#335=LINE('',#5396,#670);
#336=LINE('',#5398,#671);
#337=LINE('',#5400,#672);
#338=LINE('',#5402,#673);
#339=LINE('',#5404,#674);
#340=LINE('',#5406,#675);
#341=LINE('',#5408,#676);
#342=LINE('',#5410,#677);
#343=LINE('',#5412,#678);
#344=LINE('',#5414,#679);
#345=LINE('',#5416,#680);
#346=LINE('',#5418,#681);
#347=LINE('',#5420,#682);
#348=LINE('',#5422,#683);
#349=LINE('',#5424,#684);
#350=LINE('',#5426,#685);
#351=LINE('',#5428,#686);
#352=LINE('',#5430,#687);
#353=LINE('',#5432,#688);
#354=LINE('',#5434,#689);
#355=LINE('',#5440,#690);
#356=LINE('',#5446,#691);
#357=LINE('',#5448,#692);
#358=LINE('',#5450,#693);
#359=LINE('',#5454,#694);
#360=LINE('',#5458,#695);
#361=LINE('',#5460,#696);
#362=LINE('',#5462,#697);
#363=LINE('',#5464,#698);
#364=LINE('',#5465,#699);
#365=LINE('',#5466,#700);
#366=LINE('',#5467,#701);
#367=LINE('',#5468,#702);
#368=LINE('',#5470,#703);
#369=LINE('',#5472,#704);
#370=LINE('',#5474,#705);
#371=LINE('',#5476,#706);
#372=LINE('',#5478,#707);
#373=LINE('',#5480,#708);
#374=LINE('',#5482,#709);
#375=LINE('',#5484,#710);
#376=LINE('',#5486,#711);
#377=LINE('',#5488,#712);
#378=LINE('',#5492,#713);
#379=LINE('',#5499,#714);
#380=LINE('',#5503,#715);
#381=LINE('',#5505,#716);
#382=LINE('',#5506,#717);
#383=LINE('',#5508,#718);
#384=LINE('',#5510,#719);
#385=LINE('',#5511,#720);
#386=LINE('',#5513,#721);
#387=LINE('',#5515,#722);
#388=LINE('',#5517,#723);
#389=LINE('',#5519,#724);
#390=LINE('',#5521,#725);
#391=LINE('',#5523,#726);
#392=LINE('',#5525,#727);
#393=LINE('',#5527,#728);
#394=LINE('',#5529,#729);
#395=LINE('',#5533,#730);
#396=LINE('',#5540,#731);
#397=LINE('',#5544,#732);
#398=LINE('',#5546,#733);
#399=LINE('',#5547,#734);
#400=LINE('',#5549,#735);
#401=LINE('',#5551,#736);
#402=LINE('',#5553,#737);
#403=LINE('',#5555,#738);
#404=LINE('',#5557,#739);
#405=LINE('',#5559,#740);
#406=LINE('',#5561,#741);
#407=LINE('',#5563,#742);
#408=LINE('',#5565,#743);
#409=LINE('',#5567,#744);
#410=LINE('',#5569,#745);
#411=LINE('',#5571,#746);
#412=LINE('',#5573,#747);
#413=LINE('',#5575,#748);
#414=LINE('',#5577,#749);
#415=LINE('',#5579,#750);
#416=LINE('',#5581,#751);
#417=LINE('',#5583,#752);
#418=LINE('',#5585,#753);
#419=LINE('',#5587,#754);
#420=LINE('',#5589,#755);
#421=LINE('',#5591,#756);
#422=LINE('',#5593,#757);
#423=LINE('',#5597,#758);
#424=LINE('',#5599,#759);
#425=LINE('',#5601,#760);
#426=LINE('',#5603,#761);
#427=LINE('',#5605,#762);
#428=LINE('',#5607,#763);
#429=LINE('',#5609,#764);
#430=LINE('',#5611,#765);
#431=LINE('',#5613,#766);
#432=LINE('',#5615,#767);
#433=LINE('',#5617,#768);
#434=LINE('',#5619,#769);
#435=LINE('',#5621,#770);
#436=LINE('',#5623,#771);
#437=LINE('',#5625,#772);
#438=LINE('',#5629,#773);
#439=LINE('',#5630,#774);
#440=LINE('',#5632,#775);
#441=LINE('',#5634,#776);
#442=LINE('',#5636,#777);
#443=LINE('',#5638,#778);
#444=LINE('',#5640,#779);
#445=LINE('',#5642,#780);
#446=LINE('',#5644,#781);
#447=LINE('',#5648,#782);
#448=LINE('',#5652,#783);
#449=LINE('',#5654,#784);
#450=LINE('',#5656,#785);
#451=LINE('',#5658,#786);
#452=LINE('',#5660,#787);
#453=LINE('',#5661,#788);
#454=LINE('',#5662,#789);
#455=LINE('',#5664,#790);
#456=LINE('',#5665,#791);
#457=LINE('',#5667,#792);
#458=LINE('',#5668,#793);
#459=LINE('',#5670,#794);
#460=LINE('',#5671,#795);
#461=LINE('',#5672,#796);
#462=LINE('',#5676,#797);
#463=LINE('',#5680,#798);
#464=LINE('',#5681,#799);
#465=VECTOR('',#4107,1000.);
#466=VECTOR('',#4110,1000.);
#467=VECTOR('',#4113,1000.);
#468=VECTOR('',#4114,1000.);
#469=VECTOR('',#4115,1000.);
#470=VECTOR('',#4118,1000.);
#471=VECTOR('',#4119,1000.);
#472=VECTOR('',#4120,1000.);
#473=VECTOR('',#4121,1000.);
#474=VECTOR('',#4122,1000.);
#475=VECTOR('',#4123,1000.);
#476=VECTOR('',#4124,1000.);
#477=VECTOR('',#4127,1000.);
#478=VECTOR('',#4134,1000.);
#479=VECTOR('',#4137,1000.);
#480=VECTOR('',#4142,1000.);
#481=VECTOR('',#4143,1000.);
#482=VECTOR('',#4146,1000.);
#483=VECTOR('',#4147,1000.);
#484=VECTOR('',#4148,1000.);
#485=VECTOR('',#4151,1000.);
#486=VECTOR('',#4152,1000.);
#487=VECTOR('',#4153,1000.);
#488=VECTOR('',#4154,1000.);
#489=VECTOR('',#4159,1000.);
#490=VECTOR('',#4160,1000.);
#491=VECTOR('',#4161,1000.);
#492=VECTOR('',#4164,1000.);
#493=VECTOR('',#4165,1000.);
#494=VECTOR('',#4166,1000.);
#495=VECTOR('',#4167,1000.);
#496=VECTOR('',#4168,1000.);
#497=VECTOR('',#4169,1000.);
#498=VECTOR('',#4176,1000.);
#499=VECTOR('',#4179,1000.);
#500=VECTOR('',#4182,1000.);
#501=VECTOR('',#4183,1000.);
#502=VECTOR('',#4184,1000.);
#503=VECTOR('',#4185,1000.);
#504=VECTOR('',#4186,1000.);
#505=VECTOR('',#4187,1000.);
#506=VECTOR('',#4188,1000.);
#507=VECTOR('',#4189,1000.);
#508=VECTOR('',#4194,1000.);
#509=VECTOR('',#4201,1000.);
#510=VECTOR('',#4206,1000.);
#511=VECTOR('',#4207,1000.);
#512=VECTOR('',#4210,1000.);
#513=VECTOR('',#4211,1000.);
#514=VECTOR('',#4214,1000.);
#515=VECTOR('',#4215,1000.);
#516=VECTOR('',#4216,1000.);
#517=VECTOR('',#4219,1000.);
#518=VECTOR('',#4220,1000.);
#519=VECTOR('',#4223,1000.);
#520=VECTOR('',#4226,1000.);
#521=VECTOR('',#4227,1000.);
#522=VECTOR('',#4228,1000.);
#523=VECTOR('',#4231,1000.);
#524=VECTOR('',#4232,1000.);
#525=VECTOR('',#4233,1000.);
#526=VECTOR('',#4240,1000.);
#527=VECTOR('',#4241,1000.);
#528=VECTOR('',#4242,1000.);
#529=VECTOR('',#4243,1000.);
#530=VECTOR('',#4246,1000.);
#531=VECTOR('',#4247,1000.);
#532=VECTOR('',#4248,1000.);
#533=VECTOR('',#4251,1000.);
#534=VECTOR('',#4252,1000.);
#535=VECTOR('',#4253,1000.);
#536=VECTOR('',#4256,1000.);
#537=VECTOR('',#4257,1000.);
#538=VECTOR('',#4258,1000.);
#539=VECTOR('',#4261,1000.);
#540=VECTOR('',#4262,1000.);
#541=VECTOR('',#4263,1000.);
#542=VECTOR('',#4264,1000.);
#543=VECTOR('',#4267,1000.);
#544=VECTOR('',#4268,1000.);
#545=VECTOR('',#4269,1000.);
#546=VECTOR('',#4272,1000.);
#547=VECTOR('',#4273,1000.);
#548=VECTOR('',#4274,1000.);
#549=VECTOR('',#4277,1000.);
#550=VECTOR('',#4278,1000.);
#551=VECTOR('',#4279,1000.);
#552=VECTOR('',#4280,1000.);
#553=VECTOR('',#4283,1000.);
#554=VECTOR('',#4284,1000.);
#555=VECTOR('',#4285,1000.);
#556=VECTOR('',#4288,1000.);
#557=VECTOR('',#4289,1000.);
#558=VECTOR('',#4290,1000.);
#559=VECTOR('',#4293,1000.);
#560=VECTOR('',#4294,1000.);
#561=VECTOR('',#4295,1000.);
#562=VECTOR('',#4296,1000.);
#563=VECTOR('',#4299,1000.);
#564=VECTOR('',#4300,1000.);
#565=VECTOR('',#4301,1000.);
#566=VECTOR('',#4304,1000.);
#567=VECTOR('',#4305,1000.);
#568=VECTOR('',#4306,1000.);
#569=VECTOR('',#4315,1000.);
#570=VECTOR('',#4320,1000.);
#571=VECTOR('',#4321,1000.);
#572=VECTOR('',#4328,1000.);
#573=VECTOR('',#4335,1000.);
#574=VECTOR('',#4340,1000.);
#575=VECTOR('',#4341,1000.);
#576=VECTOR('',#4344,1000.);
#577=VECTOR('',#4345,1000.);
#578=VECTOR('',#4352,1000.);
#579=VECTOR('',#4355,1000.);
#580=VECTOR('',#4362,1000.);
#581=VECTOR('',#4363,1000.);
#582=VECTOR('',#4366,1000.);
#583=VECTOR('',#4367,1000.);
#584=VECTOR('',#4374,1000.);
#585=VECTOR('',#4377,1000.);
#586=VECTOR('',#4384,1000.);
#587=VECTOR('',#4385,1000.);
#588=VECTOR('',#4388,1000.);
#589=VECTOR('',#4389,1000.);
#590=VECTOR('',#4390,1000.);
#591=VECTOR('',#4391,1000.);
#592=VECTOR('',#4394,1000.);
#593=VECTOR('',#4395,1000.);
#594=VECTOR('',#4396,1000.);
#595=VECTOR('',#4399,1000.);
#596=VECTOR('',#4400,1000.);
#597=VECTOR('',#4401,1000.);
#598=VECTOR('',#4404,1000.);
#599=VECTOR('',#4407,1000.);
#600=VECTOR('',#4408,1000.);
#601=VECTOR('',#4411,1000.);
#602=VECTOR('',#4412,1000.);
#603=VECTOR('',#4413,1000.);
#604=VECTOR('',#4414,1000.);
#605=VECTOR('',#4417,1000.);
#606=VECTOR('',#4424,1000.);
#607=VECTOR('',#4427,1000.);
#608=VECTOR('',#4432,1000.);
#609=VECTOR('',#4433,1000.);
#610=VECTOR('',#4436,1000.);
#611=VECTOR('',#4439,1000.);
#612=VECTOR('',#4440,1000.);
#613=VECTOR('',#4443,1000.);
#614=VECTOR('',#4444,1000.);
#615=VECTOR('',#4445,1000.);
#616=VECTOR('',#4446,1000.);
#617=VECTOR('',#4453,1000.);
#618=VECTOR('',#4458,1000.);
#619=VECTOR('',#4461,1000.);
#620=VECTOR('',#4464,1000.);
#621=VECTOR('',#4465,1000.);
#622=VECTOR('',#4468,1000.);
#623=VECTOR('',#4471,1000.);
#624=VECTOR('',#4472,1000.);
#625=VECTOR('',#4475,1000.);
#626=VECTOR('',#4476,1000.);
#627=VECTOR('',#4477,1000.);
#628=VECTOR('',#4478,1000.);
#629=VECTOR('',#4485,1000.);
#630=VECTOR('',#4490,1000.);
#631=VECTOR('',#4493,1000.);
#632=VECTOR('',#4496,1000.);
#633=VECTOR('',#4497,1000.);
#634=VECTOR('',#4500,1000.);
#635=VECTOR('',#4503,1000.);
#636=VECTOR('',#4504,1000.);
#637=VECTOR('',#4505,1000.);
#638=VECTOR('',#4508,1000.);
#639=VECTOR('',#4509,1000.);
#640=VECTOR('',#4510,1000.);
#641=VECTOR('',#4513,1000.);
#642=VECTOR('',#4514,1000.);
#643=VECTOR('',#4515,1000.);
#644=VECTOR('',#4518,1000.);
#645=VECTOR('',#4519,1000.);
#646=VECTOR('',#4520,1000.);
#647=VECTOR('',#4521,1000.);
#648=VECTOR('',#4524,1000.);
#649=VECTOR('',#4525,1000.);
#650=VECTOR('',#4526,1000.);
#651=VECTOR('',#4529,1000.);
#652=VECTOR('',#4530,1000.);
#653=VECTOR('',#4531,1000.);
#654=VECTOR('',#4534,1000.);
#655=VECTOR('',#4535,1000.);
#656=VECTOR('',#4536,1000.);
#657=VECTOR('',#4539,1000.);
#658=VECTOR('',#4540,1000.);
#659=VECTOR('',#4541,1000.);
#660=VECTOR('',#4544,1000.);
#661=VECTOR('',#4545,1000.);
#662=VECTOR('',#4546,1000.);
#663=VECTOR('',#4553,1000.);
#664=VECTOR('',#4556,1000.);
#665=VECTOR('',#4557,1000.);
#666=VECTOR('',#4562,1000.);
#667=VECTOR('',#4567,1000.);
#668=VECTOR('',#4568,1000.);
#669=VECTOR('',#4571,1000.);
#670=VECTOR('',#4572,1000.);
#671=VECTOR('',#4575,1000.);
#672=VECTOR('',#4576,1000.);
#673=VECTOR('',#4577,1000.);
#674=VECTOR('',#4580,1000.);
#675=VECTOR('',#4581,1000.);
#676=VECTOR('',#4584,1000.);
#677=VECTOR('',#4585,1000.);
#678=VECTOR('',#4586,1000.);
#679=VECTOR('',#4589,1000.);
#680=VECTOR('',#4590,1000.);
#681=VECTOR('',#4593,1000.);
#682=VECTOR('',#4594,1000.);
#683=VECTOR('',#4597,1000.);
#684=VECTOR('',#4598,1000.);
#685=VECTOR('',#4599,1000.);
#686=VECTOR('',#4602,1000.);
#687=VECTOR('',#4603,1000.);
#688=VECTOR('',#4606,1000.);
#689=VECTOR('',#4607,1000.);
#690=VECTOR('',#4618,1000.);
#691=VECTOR('',#4625,1000.);
#692=VECTOR('',#4628,1000.);
#693=VECTOR('',#4629,1000.);
#694=VECTOR('',#4634,1000.);
#695=VECTOR('',#4639,1000.);
#696=VECTOR('',#4640,1000.);
#697=VECTOR('',#4643,1000.);
#698=VECTOR('',#4644,1000.);
#699=VECTOR('',#4645,1000.);
#700=VECTOR('',#4646,1000.);
#701=VECTOR('',#4647,1000.);
#702=VECTOR('',#4648,1000.);
#703=VECTOR('',#4649,1000.);
#704=VECTOR('',#4650,1000.);
#705=VECTOR('',#4651,1000.);
#706=VECTOR('',#4652,1000.);
#707=VECTOR('',#4655,1000.);
#708=VECTOR('',#4656,1000.);
#709=VECTOR('',#4659,1000.);
#710=VECTOR('',#4660,1000.);
#711=VECTOR('',#4661,1000.);
#712=VECTOR('',#4662,1000.);
#713=VECTOR('',#4667,1000.);
#714=VECTOR('',#4674,1000.);
#715=VECTOR('',#4677,1000.);
#716=VECTOR('',#4680,1000.);
#717=VECTOR('',#4681,1000.);
#718=VECTOR('',#4684,1000.);
#719=VECTOR('',#4687,1000.);
#720=VECTOR('',#4688,1000.);
#721=VECTOR('',#4689,1000.);
#722=VECTOR('',#4690,1000.);
#723=VECTOR('',#4693,1000.);
#724=VECTOR('',#4696,1000.);
#725=VECTOR('',#4697,1000.);
#726=VECTOR('',#4700,1000.);
#727=VECTOR('',#4701,1000.);
#728=VECTOR('',#4702,1000.);
#729=VECTOR('',#4703,1000.);
#730=VECTOR('',#4708,1000.);
#731=VECTOR('',#4715,1000.);
#732=VECTOR('',#4718,1000.);
#733=VECTOR('',#4721,1000.);
#734=VECTOR('',#4722,1000.);
#735=VECTOR('',#4725,1000.);
#736=VECTOR('',#4728,1000.);
#737=VECTOR('',#4729,1000.);
#738=VECTOR('',#4730,1000.);
#739=VECTOR('',#4733,1000.);
#740=VECTOR('',#4734,1000.);
#741=VECTOR('',#4735,1000.);
#742=VECTOR('',#4738,1000.);
#743=VECTOR('',#4739,1000.);
#744=VECTOR('',#4742,1000.);
#745=VECTOR('',#4743,1000.);
#746=VECTOR('',#4746,1000.);
#747=VECTOR('',#4747,1000.);
#748=VECTOR('',#4748,1000.);
#749=VECTOR('',#4751,1000.);
#750=VECTOR('',#4752,1000.);
#751=VECTOR('',#4753,1000.);
#752=VECTOR('',#4756,1000.);
#753=VECTOR('',#4757,1000.);
#754=VECTOR('',#4760,1000.);
#755=VECTOR('',#4761,1000.);
#756=VECTOR('',#4764,1000.);
#757=VECTOR('',#4765,1000.);
#758=VECTOR('',#4770,1000.);
#759=VECTOR('',#4771,1000.);
#760=VECTOR('',#4774,1000.);
#761=VECTOR('',#4777,1000.);
#762=VECTOR('',#4778,1000.);
#763=VECTOR('',#4779,1000.);
#764=VECTOR('',#4782,1000.);
#765=VECTOR('',#4783,1000.);
#766=VECTOR('',#4786,1000.);
#767=VECTOR('',#4787,1000.);
#768=VECTOR('',#4788,1000.);
#769=VECTOR('',#4791,1000.);
#770=VECTOR('',#4792,1000.);
#771=VECTOR('',#4795,1000.);
#772=VECTOR('',#4796,1000.);
#773=VECTOR('',#4801,1000.);
#774=VECTOR('',#4802,1000.);
#775=VECTOR('',#4805,1000.);
#776=VECTOR('',#4808,1000.);
#777=VECTOR('',#4811,1000.);
#778=VECTOR('',#4814,1000.);
#779=VECTOR('',#4817,1000.);
#780=VECTOR('',#4818,1000.);
#781=VECTOR('',#4819,1000.);
#782=VECTOR('',#4824,1000.);
#783=VECTOR('',#4829,1000.);
#784=VECTOR('',#4830,1000.);
#785=VECTOR('',#4831,1000.);
#786=VECTOR('',#4834,1000.);
#787=VECTOR('',#4835,1000.);
#788=VECTOR('',#4836,1000.);
#789=VECTOR('',#4837,1000.);
#790=VECTOR('',#4838,1000.);
#791=VECTOR('',#4839,1000.);
#792=VECTOR('',#4840,1000.);
#793=VECTOR('',#4841,1000.);
#794=VECTOR('',#4844,1000.);
#795=VECTOR('',#4845,1000.);
#796=VECTOR('',#4846,1000.);
#797=VECTOR('',#4851,1000.);
#798=VECTOR('',#4856,1000.);
#799=VECTOR('',#4857,1000.);
#800=CIRCLE('',#3881,0.2);
#801=CIRCLE('',#3886,0.2);
#802=CIRCLE('',#3887,0.2);
#803=CIRCLE('',#3889,0.2);
#804=CIRCLE('',#3890,0.2);
#805=CIRCLE('',#3898,0.2);
#806=CIRCLE('',#3903,0.2);
#807=CIRCLE('',#3904,0.2);
#808=CIRCLE('',#3906,0.2);
#809=CIRCLE('',#3907,0.2);
#810=CIRCLE('',#3913,0.2);
#811=CIRCLE('',#3917,0.2);
#812=CIRCLE('',#3931,0.2);
#813=CIRCLE('',#3932,0.2);
#814=CIRCLE('',#3936,0.2);
#815=CIRCLE('',#3938,0.2);
#816=CIRCLE('',#3941,0.2);
#817=CIRCLE('',#3945,0.2);
#818=CIRCLE('',#3947,0.2);
#819=CIRCLE('',#3953,0.2);
#820=CIRCLE('',#3955,0.2);
#821=CIRCLE('',#3967,0.2);
#822=CIRCLE('',#3968,0.2);
#823=CIRCLE('',#3970,0.2);
#824=CIRCLE('',#3971,0.2);
#825=CIRCLE('',#3977,0.2);
#826=CIRCLE('',#3978,0.2);
#827=CIRCLE('',#3980,0.2);
#828=CIRCLE('',#3981,0.2);
#829=CIRCLE('',#3987,0.2);
#830=CIRCLE('',#3988,0.2);
#831=CIRCLE('',#3990,0.2);
#832=CIRCLE('',#3991,0.2);
#833=CIRCLE('',#4004,0.2);
#834=CIRCLE('',#4005,0.2);
#835=CIRCLE('',#4021,0.2);
#836=CIRCLE('',#4022,0.2);
#837=CIRCLE('',#4026,0.2);
#838=CIRCLE('',#4027,0.2);
#839=CIRCLE('',#4037,0.2);
#840=CIRCLE('',#4038,0.2);
#841=CIRCLE('',#4040,0.2);
#842=CIRCLE('',#4041,0.2);
#843=CIRCLE('',#4049,0.2);
#844=CIRCLE('',#4050,0.2);
#845=CIRCLE('',#4052,0.2);
#846=CIRCLE('',#4053,0.2);
#847=CIRCLE('',#4066,0.426029460538359);
#848=CIRCLE('',#4074,0.2);
#849=CIRCLE('',#4081,0.2);
#850=CIRCLE('',#4082,0.2);
#851=CIRCLE('',#4087,0.2);
#852=CIRCLE('',#4088,0.2);
#853=CIRCLE('',#4096,0.426029460538359);
#854=ORIENTED_EDGE('',*,*,#1664,.F.);
#855=ORIENTED_EDGE('',*,*,#1665,.T.);
#856=ORIENTED_EDGE('',*,*,#1666,.T.);
#857=ORIENTED_EDGE('',*,*,#1667,.T.);
#858=ORIENTED_EDGE('',*,*,#1668,.F.);
#859=ORIENTED_EDGE('',*,*,#1669,.F.);
#860=ORIENTED_EDGE('',*,*,#1664,.T.);
#861=ORIENTED_EDGE('',*,*,#1670,.T.);
#862=ORIENTED_EDGE('',*,*,#1671,.T.);
#863=ORIENTED_EDGE('',*,*,#1672,.F.);
#864=ORIENTED_EDGE('',*,*,#1673,.T.);
#865=ORIENTED_EDGE('',*,*,#1671,.F.);
#866=ORIENTED_EDGE('',*,*,#1674,.F.);
#867=ORIENTED_EDGE('',*,*,#1675,.T.);
#868=ORIENTED_EDGE('',*,*,#1676,.T.);
#869=ORIENTED_EDGE('',*,*,#1677,.T.);
#870=ORIENTED_EDGE('',*,*,#1678,.F.);
#871=ORIENTED_EDGE('',*,*,#1679,.F.);
#872=ORIENTED_EDGE('',*,*,#1680,.T.);
#873=ORIENTED_EDGE('',*,*,#1672,.T.);
#874=ORIENTED_EDGE('',*,*,#1681,.F.);
#875=ORIENTED_EDGE('',*,*,#1682,.F.);
#876=ORIENTED_EDGE('',*,*,#1683,.T.);
#877=ORIENTED_EDGE('',*,*,#1684,.T.);
#878=ORIENTED_EDGE('',*,*,#1685,.F.);
#879=ORIENTED_EDGE('',*,*,#1666,.F.);
#880=ORIENTED_EDGE('',*,*,#1686,.T.);
#881=ORIENTED_EDGE('',*,*,#1682,.T.);
#882=ORIENTED_EDGE('',*,*,#1687,.F.);
#883=ORIENTED_EDGE('',*,*,#1688,.F.);
#884=ORIENTED_EDGE('',*,*,#1689,.T.);
#885=ORIENTED_EDGE('',*,*,#1679,.T.);
#886=ORIENTED_EDGE('',*,*,#1690,.F.);
#887=ORIENTED_EDGE('',*,*,#1691,.T.);
#888=ORIENTED_EDGE('',*,*,#1692,.F.);
#889=ORIENTED_EDGE('',*,*,#1693,.F.);
#890=ORIENTED_EDGE('',*,*,#1694,.T.);
#891=ORIENTED_EDGE('',*,*,#1695,.F.);
#892=ORIENTED_EDGE('',*,*,#1696,.T.);
#893=ORIENTED_EDGE('',*,*,#1697,.F.);
#894=ORIENTED_EDGE('',*,*,#1698,.F.);
#895=ORIENTED_EDGE('',*,*,#1699,.F.);
#896=ORIENTED_EDGE('',*,*,#1700,.T.);
#897=ORIENTED_EDGE('',*,*,#1701,.F.);
#898=ORIENTED_EDGE('',*,*,#1702,.T.);
#899=ORIENTED_EDGE('',*,*,#1703,.T.);
#900=ORIENTED_EDGE('',*,*,#1704,.F.);
#901=ORIENTED_EDGE('',*,*,#1705,.F.);
#902=ORIENTED_EDGE('',*,*,#1706,.T.);
#903=ORIENTED_EDGE('',*,*,#1707,.T.);
#904=ORIENTED_EDGE('',*,*,#1708,.F.);
#905=ORIENTED_EDGE('',*,*,#1709,.F.);
#906=ORIENTED_EDGE('',*,*,#1710,.F.);
#907=ORIENTED_EDGE('',*,*,#1711,.T.);
#908=ORIENTED_EDGE('',*,*,#1712,.T.);
#909=ORIENTED_EDGE('',*,*,#1713,.F.);
#910=ORIENTED_EDGE('',*,*,#1714,.F.);
#911=ORIENTED_EDGE('',*,*,#1715,.F.);
#912=ORIENTED_EDGE('',*,*,#1716,.T.);
#913=ORIENTED_EDGE('',*,*,#1717,.T.);
#914=ORIENTED_EDGE('',*,*,#1718,.F.);
#915=ORIENTED_EDGE('',*,*,#1719,.T.);
#916=ORIENTED_EDGE('',*,*,#1720,.T.);
#917=ORIENTED_EDGE('',*,*,#1711,.F.);
#918=ORIENTED_EDGE('',*,*,#1721,.F.);
#919=ORIENTED_EDGE('',*,*,#1722,.T.);
#920=ORIENTED_EDGE('',*,*,#1723,.T.);
#921=ORIENTED_EDGE('',*,*,#1702,.F.);
#922=ORIENTED_EDGE('',*,*,#1724,.F.);
#923=ORIENTED_EDGE('',*,*,#1709,.T.);
#924=ORIENTED_EDGE('',*,*,#1725,.T.);
#925=ORIENTED_EDGE('',*,*,#1722,.F.);
#926=ORIENTED_EDGE('',*,*,#1726,.F.);
#927=ORIENTED_EDGE('',*,*,#1717,.F.);
#928=ORIENTED_EDGE('',*,*,#1727,.F.);
#929=ORIENTED_EDGE('',*,*,#1706,.F.);
#930=ORIENTED_EDGE('',*,*,#1728,.F.);
#931=ORIENTED_EDGE('',*,*,#1729,.T.);
#932=ORIENTED_EDGE('',*,*,#1730,.T.);
#933=ORIENTED_EDGE('',*,*,#1719,.F.);
#934=ORIENTED_EDGE('',*,*,#1731,.T.);
#935=ORIENTED_EDGE('',*,*,#1732,.T.);
#936=ORIENTED_EDGE('',*,*,#1699,.T.);
#937=ORIENTED_EDGE('',*,*,#1733,.F.);
#938=ORIENTED_EDGE('',*,*,#1734,.F.);
#939=ORIENTED_EDGE('',*,*,#1735,.F.);
#940=ORIENTED_EDGE('',*,*,#1736,.F.);
#941=ORIENTED_EDGE('',*,*,#1737,.T.);
#942=ORIENTED_EDGE('',*,*,#1698,.T.);
#943=ORIENTED_EDGE('',*,*,#1738,.T.);
#944=ORIENTED_EDGE('',*,*,#1739,.T.);
#945=ORIENTED_EDGE('',*,*,#1740,.F.);
#946=ORIENTED_EDGE('',*,*,#1741,.T.);
#947=ORIENTED_EDGE('',*,*,#1742,.T.);
#948=ORIENTED_EDGE('',*,*,#1743,.T.);
#949=ORIENTED_EDGE('',*,*,#1738,.F.);
#950=ORIENTED_EDGE('',*,*,#1744,.F.);
#951=ORIENTED_EDGE('',*,*,#1745,.T.);
#952=ORIENTED_EDGE('',*,*,#1746,.T.);
#953=ORIENTED_EDGE('',*,*,#1747,.T.);
#954=ORIENTED_EDGE('',*,*,#1707,.F.);
#955=ORIENTED_EDGE('',*,*,#1748,.F.);
#956=ORIENTED_EDGE('',*,*,#1749,.T.);
#957=ORIENTED_EDGE('',*,*,#1750,.F.);
#958=ORIENTED_EDGE('',*,*,#1749,.F.);
#959=ORIENTED_EDGE('',*,*,#1751,.T.);
#960=ORIENTED_EDGE('',*,*,#1752,.T.);
#961=ORIENTED_EDGE('',*,*,#1753,.F.);
#962=ORIENTED_EDGE('',*,*,#1752,.F.);
#963=ORIENTED_EDGE('',*,*,#1754,.T.);
#964=ORIENTED_EDGE('',*,*,#1755,.T.);
#965=ORIENTED_EDGE('',*,*,#1756,.F.);
#966=ORIENTED_EDGE('',*,*,#1757,.T.);
#967=ORIENTED_EDGE('',*,*,#1758,.T.);
#968=ORIENTED_EDGE('',*,*,#1759,.F.);
#969=ORIENTED_EDGE('',*,*,#1757,.F.);
#970=ORIENTED_EDGE('',*,*,#1760,.T.);
#971=ORIENTED_EDGE('',*,*,#1761,.T.);
#972=ORIENTED_EDGE('',*,*,#1762,.F.);
#973=ORIENTED_EDGE('',*,*,#1761,.F.);
#974=ORIENTED_EDGE('',*,*,#1763,.T.);
#975=ORIENTED_EDGE('',*,*,#1764,.T.);
#976=ORIENTED_EDGE('',*,*,#1765,.F.);
#977=ORIENTED_EDGE('',*,*,#1766,.F.);
#978=ORIENTED_EDGE('',*,*,#1767,.T.);
#979=ORIENTED_EDGE('',*,*,#1768,.T.);
#980=ORIENTED_EDGE('',*,*,#1769,.F.);
#981=ORIENTED_EDGE('',*,*,#1767,.F.);
#982=ORIENTED_EDGE('',*,*,#1770,.T.);
#983=ORIENTED_EDGE('',*,*,#1771,.T.);
#984=ORIENTED_EDGE('',*,*,#1772,.F.);
#985=ORIENTED_EDGE('',*,*,#1771,.F.);
#986=ORIENTED_EDGE('',*,*,#1773,.T.);
#987=ORIENTED_EDGE('',*,*,#1774,.T.);
#988=ORIENTED_EDGE('',*,*,#1775,.F.);
#989=ORIENTED_EDGE('',*,*,#1776,.F.);
#990=ORIENTED_EDGE('',*,*,#1777,.T.);
#991=ORIENTED_EDGE('',*,*,#1778,.T.);
#992=ORIENTED_EDGE('',*,*,#1779,.F.);
#993=ORIENTED_EDGE('',*,*,#1777,.F.);
#994=ORIENTED_EDGE('',*,*,#1780,.T.);
#995=ORIENTED_EDGE('',*,*,#1781,.T.);
#996=ORIENTED_EDGE('',*,*,#1782,.F.);
#997=ORIENTED_EDGE('',*,*,#1781,.F.);
#998=ORIENTED_EDGE('',*,*,#1783,.T.);
#999=ORIENTED_EDGE('',*,*,#1784,.T.);
#1000=ORIENTED_EDGE('',*,*,#1785,.F.);
#1001=ORIENTED_EDGE('',*,*,#1786,.F.);
#1002=ORIENTED_EDGE('',*,*,#1755,.F.);
#1003=ORIENTED_EDGE('',*,*,#1787,.T.);
#1004=ORIENTED_EDGE('',*,*,#1715,.T.);
#1005=ORIENTED_EDGE('',*,*,#1714,.T.);
#1006=ORIENTED_EDGE('',*,*,#1788,.F.);
#1007=ORIENTED_EDGE('',*,*,#1747,.F.);
#1008=ORIENTED_EDGE('',*,*,#1750,.T.);
#1009=ORIENTED_EDGE('',*,*,#1753,.T.);
#1010=ORIENTED_EDGE('',*,*,#1786,.T.);
#1011=ORIENTED_EDGE('',*,*,#1787,.F.);
#1012=ORIENTED_EDGE('',*,*,#1754,.F.);
#1013=ORIENTED_EDGE('',*,*,#1751,.F.);
#1014=ORIENTED_EDGE('',*,*,#1748,.T.);
#1015=ORIENTED_EDGE('',*,*,#1727,.T.);
#1016=ORIENTED_EDGE('',*,*,#1716,.F.);
#1017=ORIENTED_EDGE('',*,*,#1789,.T.);
#1018=ORIENTED_EDGE('',*,*,#1790,.F.);
#1019=ORIENTED_EDGE('',*,*,#1758,.F.);
#1020=ORIENTED_EDGE('',*,*,#1762,.T.);
#1021=ORIENTED_EDGE('',*,*,#1765,.T.);
#1022=ORIENTED_EDGE('',*,*,#1791,.T.);
#1023=ORIENTED_EDGE('',*,*,#1764,.F.);
#1024=ORIENTED_EDGE('',*,*,#1792,.T.);
#1025=ORIENTED_EDGE('',*,*,#1793,.T.);
#1026=ORIENTED_EDGE('',*,*,#1791,.F.);
#1027=ORIENTED_EDGE('',*,*,#1794,.F.);
#1028=ORIENTED_EDGE('',*,*,#1795,.T.);
#1029=ORIENTED_EDGE('',*,*,#1796,.F.);
#1030=ORIENTED_EDGE('',*,*,#1797,.T.);
#1031=ORIENTED_EDGE('',*,*,#1759,.T.);
#1032=ORIENTED_EDGE('',*,*,#1792,.F.);
#1033=ORIENTED_EDGE('',*,*,#1763,.F.);
#1034=ORIENTED_EDGE('',*,*,#1760,.F.);
#1035=ORIENTED_EDGE('',*,*,#1756,.T.);
#1036=ORIENTED_EDGE('',*,*,#1798,.T.);
#1037=ORIENTED_EDGE('',*,*,#1799,.F.);
#1038=ORIENTED_EDGE('',*,*,#1800,.T.);
#1039=ORIENTED_EDGE('',*,*,#1801,.F.);
#1040=ORIENTED_EDGE('',*,*,#1768,.F.);
#1041=ORIENTED_EDGE('',*,*,#1772,.T.);
#1042=ORIENTED_EDGE('',*,*,#1775,.T.);
#1043=ORIENTED_EDGE('',*,*,#1802,.T.);
#1044=ORIENTED_EDGE('',*,*,#1774,.F.);
#1045=ORIENTED_EDGE('',*,*,#1803,.T.);
#1046=ORIENTED_EDGE('',*,*,#1804,.T.);
#1047=ORIENTED_EDGE('',*,*,#1802,.F.);
#1048=ORIENTED_EDGE('',*,*,#1805,.F.);
#1049=ORIENTED_EDGE('',*,*,#1806,.T.);
#1050=ORIENTED_EDGE('',*,*,#1769,.T.);
#1051=ORIENTED_EDGE('',*,*,#1807,.F.);
#1052=ORIENTED_EDGE('',*,*,#1803,.F.);
#1053=ORIENTED_EDGE('',*,*,#1773,.F.);
#1054=ORIENTED_EDGE('',*,*,#1770,.F.);
#1055=ORIENTED_EDGE('',*,*,#1766,.T.);
#1056=ORIENTED_EDGE('',*,*,#1808,.T.);
#1057=ORIENTED_EDGE('',*,*,#1809,.F.);
#1058=ORIENTED_EDGE('',*,*,#1810,.T.);
#1059=ORIENTED_EDGE('',*,*,#1811,.F.);
#1060=ORIENTED_EDGE('',*,*,#1778,.F.);
#1061=ORIENTED_EDGE('',*,*,#1782,.T.);
#1062=ORIENTED_EDGE('',*,*,#1785,.T.);
#1063=ORIENTED_EDGE('',*,*,#1812,.T.);
#1064=ORIENTED_EDGE('',*,*,#1784,.F.);
#1065=ORIENTED_EDGE('',*,*,#1813,.T.);
#1066=ORIENTED_EDGE('',*,*,#1814,.T.);
#1067=ORIENTED_EDGE('',*,*,#1812,.F.);
#1068=ORIENTED_EDGE('',*,*,#1815,.F.);
#1069=ORIENTED_EDGE('',*,*,#1816,.T.);
#1070=ORIENTED_EDGE('',*,*,#1779,.T.);
#1071=ORIENTED_EDGE('',*,*,#1817,.F.);
#1072=ORIENTED_EDGE('',*,*,#1813,.F.);
#1073=ORIENTED_EDGE('',*,*,#1783,.F.);
#1074=ORIENTED_EDGE('',*,*,#1780,.F.);
#1075=ORIENTED_EDGE('',*,*,#1776,.T.);
#1076=ORIENTED_EDGE('',*,*,#1818,.T.);
#1077=ORIENTED_EDGE('',*,*,#1819,.F.);
#1078=ORIENTED_EDGE('',*,*,#1820,.F.);
#1079=ORIENTED_EDGE('',*,*,#1821,.T.);
#1080=ORIENTED_EDGE('',*,*,#1822,.T.);
#1081=ORIENTED_EDGE('',*,*,#1823,.F.);
#1082=ORIENTED_EDGE('',*,*,#1824,.F.);
#1083=ORIENTED_EDGE('',*,*,#1820,.T.);
#1084=ORIENTED_EDGE('',*,*,#1825,.T.);
#1085=ORIENTED_EDGE('',*,*,#1826,.F.);
#1086=ORIENTED_EDGE('',*,*,#1827,.F.);
#1087=ORIENTED_EDGE('',*,*,#1826,.T.);
#1088=ORIENTED_EDGE('',*,*,#1828,.T.);
#1089=ORIENTED_EDGE('',*,*,#1829,.F.);
#1090=ORIENTED_EDGE('',*,*,#1713,.T.);
#1091=ORIENTED_EDGE('',*,*,#1830,.F.);
#1092=ORIENTED_EDGE('',*,*,#1708,.T.);
#1093=ORIENTED_EDGE('',*,*,#1788,.T.);
#1094=ORIENTED_EDGE('',*,*,#1831,.F.);
#1095=ORIENTED_EDGE('',*,*,#1794,.T.);
#1096=ORIENTED_EDGE('',*,*,#1790,.T.);
#1097=ORIENTED_EDGE('',*,*,#1832,.T.);
#1098=ORIENTED_EDGE('',*,*,#1833,.T.);
#1099=ORIENTED_EDGE('',*,*,#1834,.T.);
#1100=ORIENTED_EDGE('',*,*,#1832,.F.);
#1101=ORIENTED_EDGE('',*,*,#1789,.F.);
#1102=ORIENTED_EDGE('',*,*,#1793,.F.);
#1103=ORIENTED_EDGE('',*,*,#1799,.T.);
#1104=ORIENTED_EDGE('',*,*,#1835,.T.);
#1105=ORIENTED_EDGE('',*,*,#1836,.F.);
#1106=ORIENTED_EDGE('',*,*,#1837,.T.);
#1107=ORIENTED_EDGE('',*,*,#1838,.T.);
#1108=ORIENTED_EDGE('',*,*,#1833,.F.);
#1109=ORIENTED_EDGE('',*,*,#1839,.F.);
#1110=ORIENTED_EDGE('',*,*,#1840,.T.);
#1111=ORIENTED_EDGE('',*,*,#1841,.T.);
#1112=ORIENTED_EDGE('',*,*,#1842,.F.);
#1113=ORIENTED_EDGE('',*,*,#1843,.F.);
#1114=ORIENTED_EDGE('',*,*,#1796,.T.);
#1115=ORIENTED_EDGE('',*,*,#1844,.T.);
#1116=ORIENTED_EDGE('',*,*,#1840,.F.);
#1117=ORIENTED_EDGE('',*,*,#1845,.F.);
#1118=ORIENTED_EDGE('',*,*,#1798,.F.);
#1119=ORIENTED_EDGE('',*,*,#1797,.F.);
#1120=ORIENTED_EDGE('',*,*,#1846,.T.);
#1121=ORIENTED_EDGE('',*,*,#1835,.F.);
#1122=ORIENTED_EDGE('',*,*,#1847,.T.);
#1123=ORIENTED_EDGE('',*,*,#1848,.F.);
#1124=ORIENTED_EDGE('',*,*,#1807,.T.);
#1125=ORIENTED_EDGE('',*,*,#1801,.T.);
#1126=ORIENTED_EDGE('',*,*,#1804,.F.);
#1127=ORIENTED_EDGE('',*,*,#1809,.T.);
#1128=ORIENTED_EDGE('',*,*,#1849,.T.);
#1129=ORIENTED_EDGE('',*,*,#1850,.F.);
#1130=ORIENTED_EDGE('',*,*,#1851,.T.);
#1131=ORIENTED_EDGE('',*,*,#1852,.T.);
#1132=ORIENTED_EDGE('',*,*,#1847,.F.);
#1133=ORIENTED_EDGE('',*,*,#1800,.F.);
#1134=ORIENTED_EDGE('',*,*,#1853,.T.);
#1135=ORIENTED_EDGE('',*,*,#1851,.F.);
#1136=ORIENTED_EDGE('',*,*,#1854,.F.);
#1137=ORIENTED_EDGE('',*,*,#1855,.T.);
#1138=ORIENTED_EDGE('',*,*,#1856,.T.);
#1139=ORIENTED_EDGE('',*,*,#1857,.F.);
#1140=ORIENTED_EDGE('',*,*,#1858,.F.);
#1141=ORIENTED_EDGE('',*,*,#1859,.T.);
#1142=ORIENTED_EDGE('',*,*,#1860,.T.);
#1143=ORIENTED_EDGE('',*,*,#1859,.F.);
#1144=ORIENTED_EDGE('',*,*,#1861,.F.);
#1145=ORIENTED_EDGE('',*,*,#1805,.T.);
#1146=ORIENTED_EDGE('',*,*,#1808,.F.);
#1147=ORIENTED_EDGE('',*,*,#1806,.F.);
#1148=ORIENTED_EDGE('',*,*,#1862,.T.);
#1149=ORIENTED_EDGE('',*,*,#1849,.F.);
#1150=ORIENTED_EDGE('',*,*,#1863,.T.);
#1151=ORIENTED_EDGE('',*,*,#1864,.F.);
#1152=ORIENTED_EDGE('',*,*,#1817,.T.);
#1153=ORIENTED_EDGE('',*,*,#1811,.T.);
#1154=ORIENTED_EDGE('',*,*,#1814,.F.);
#1155=ORIENTED_EDGE('',*,*,#1819,.T.);
#1156=ORIENTED_EDGE('',*,*,#1865,.T.);
#1157=ORIENTED_EDGE('',*,*,#1866,.F.);
#1158=ORIENTED_EDGE('',*,*,#1867,.T.);
#1159=ORIENTED_EDGE('',*,*,#1868,.T.);
#1160=ORIENTED_EDGE('',*,*,#1863,.F.);
#1161=ORIENTED_EDGE('',*,*,#1810,.F.);
#1162=ORIENTED_EDGE('',*,*,#1869,.T.);
#1163=ORIENTED_EDGE('',*,*,#1867,.F.);
#1164=ORIENTED_EDGE('',*,*,#1870,.F.);
#1165=ORIENTED_EDGE('',*,*,#1871,.T.);
#1166=ORIENTED_EDGE('',*,*,#1872,.T.);
#1167=ORIENTED_EDGE('',*,*,#1873,.F.);
#1168=ORIENTED_EDGE('',*,*,#1874,.F.);
#1169=ORIENTED_EDGE('',*,*,#1875,.T.);
#1170=ORIENTED_EDGE('',*,*,#1876,.T.);
#1171=ORIENTED_EDGE('',*,*,#1875,.F.);
#1172=ORIENTED_EDGE('',*,*,#1877,.F.);
#1173=ORIENTED_EDGE('',*,*,#1815,.T.);
#1174=ORIENTED_EDGE('',*,*,#1818,.F.);
#1175=ORIENTED_EDGE('',*,*,#1816,.F.);
#1176=ORIENTED_EDGE('',*,*,#1878,.T.);
#1177=ORIENTED_EDGE('',*,*,#1865,.F.);
#1178=ORIENTED_EDGE('',*,*,#1879,.F.);
#1179=ORIENTED_EDGE('',*,*,#1880,.F.);
#1180=ORIENTED_EDGE('',*,*,#1881,.T.);
#1181=ORIENTED_EDGE('',*,*,#1668,.T.);
#1182=ORIENTED_EDGE('',*,*,#1880,.T.);
#1183=ORIENTED_EDGE('',*,*,#1882,.T.);
#1184=ORIENTED_EDGE('',*,*,#1883,.F.);
#1185=ORIENTED_EDGE('',*,*,#1884,.F.);
#1186=ORIENTED_EDGE('',*,*,#1883,.T.);
#1187=ORIENTED_EDGE('',*,*,#1885,.T.);
#1188=ORIENTED_EDGE('',*,*,#1886,.F.);
#1189=ORIENTED_EDGE('',*,*,#1887,.F.);
#1190=ORIENTED_EDGE('',*,*,#1888,.F.);
#1191=ORIENTED_EDGE('',*,*,#1889,.T.);
#1192=ORIENTED_EDGE('',*,*,#1890,.T.);
#1193=ORIENTED_EDGE('',*,*,#1891,.F.);
#1194=ORIENTED_EDGE('',*,*,#1892,.F.);
#1195=ORIENTED_EDGE('',*,*,#1888,.T.);
#1196=ORIENTED_EDGE('',*,*,#1893,.T.);
#1197=ORIENTED_EDGE('',*,*,#1894,.F.);
#1198=ORIENTED_EDGE('',*,*,#1895,.F.);
#1199=ORIENTED_EDGE('',*,*,#1894,.T.);
#1200=ORIENTED_EDGE('',*,*,#1896,.T.);
#1201=ORIENTED_EDGE('',*,*,#1897,.F.);
#1202=ORIENTED_EDGE('',*,*,#1898,.T.);
#1203=ORIENTED_EDGE('',*,*,#1871,.F.);
#1204=ORIENTED_EDGE('',*,*,#1899,.F.);
#1205=ORIENTED_EDGE('',*,*,#1900,.T.);
#1206=ORIENTED_EDGE('',*,*,#1901,.T.);
#1207=ORIENTED_EDGE('',*,*,#1855,.F.);
#1208=ORIENTED_EDGE('',*,*,#1902,.F.);
#1209=ORIENTED_EDGE('',*,*,#1903,.T.);
#1210=ORIENTED_EDGE('',*,*,#1904,.T.);
#1211=ORIENTED_EDGE('',*,*,#1905,.T.);
#1212=ORIENTED_EDGE('',*,*,#1837,.F.);
#1213=ORIENTED_EDGE('',*,*,#1906,.F.);
#1214=ORIENTED_EDGE('',*,*,#1907,.F.);
#1215=ORIENTED_EDGE('',*,*,#1829,.T.);
#1216=ORIENTED_EDGE('',*,*,#1908,.T.);
#1217=ORIENTED_EDGE('',*,*,#1909,.F.);
#1218=ORIENTED_EDGE('',*,*,#1907,.T.);
#1219=ORIENTED_EDGE('',*,*,#1910,.T.);
#1220=ORIENTED_EDGE('',*,*,#1911,.F.);
#1221=ORIENTED_EDGE('',*,*,#1821,.F.);
#1222=ORIENTED_EDGE('',*,*,#1824,.T.);
#1223=ORIENTED_EDGE('',*,*,#1827,.T.);
#1224=ORIENTED_EDGE('',*,*,#1912,.F.);
#1225=ORIENTED_EDGE('',*,*,#1913,.T.);
#1226=ORIENTED_EDGE('',*,*,#1914,.T.);
#1227=ORIENTED_EDGE('',*,*,#1822,.F.);
#1228=ORIENTED_EDGE('',*,*,#1915,.F.);
#1229=ORIENTED_EDGE('',*,*,#1908,.F.);
#1230=ORIENTED_EDGE('',*,*,#1828,.F.);
#1231=ORIENTED_EDGE('',*,*,#1825,.F.);
#1232=ORIENTED_EDGE('',*,*,#1823,.T.);
#1233=ORIENTED_EDGE('',*,*,#1916,.T.);
#1234=ORIENTED_EDGE('',*,*,#1725,.F.);
#1235=ORIENTED_EDGE('',*,*,#1830,.T.);
#1236=ORIENTED_EDGE('',*,*,#1712,.F.);
#1237=ORIENTED_EDGE('',*,*,#1720,.F.);
#1238=ORIENTED_EDGE('',*,*,#1730,.F.);
#1239=ORIENTED_EDGE('',*,*,#1917,.F.);
#1240=ORIENTED_EDGE('',*,*,#1918,.F.);
#1241=ORIENTED_EDGE('',*,*,#1703,.F.);
#1242=ORIENTED_EDGE('',*,*,#1723,.F.);
#1243=ORIENTED_EDGE('',*,*,#1919,.T.);
#1244=ORIENTED_EDGE('',*,*,#1920,.F.);
#1245=ORIENTED_EDGE('',*,*,#1921,.F.);
#1246=ORIENTED_EDGE('',*,*,#1842,.T.);
#1247=ORIENTED_EDGE('',*,*,#1846,.F.);
#1248=ORIENTED_EDGE('',*,*,#1845,.T.);
#1249=ORIENTED_EDGE('',*,*,#1843,.T.);
#1250=ORIENTED_EDGE('',*,*,#1921,.T.);
#1251=ORIENTED_EDGE('',*,*,#1922,.T.);
#1252=ORIENTED_EDGE('',*,*,#1923,.T.);
#1253=ORIENTED_EDGE('',*,*,#1906,.T.);
#1254=ORIENTED_EDGE('',*,*,#1839,.T.);
#1255=ORIENTED_EDGE('',*,*,#1836,.T.);
#1256=ORIENTED_EDGE('',*,*,#1860,.F.);
#1257=ORIENTED_EDGE('',*,*,#1848,.T.);
#1258=ORIENTED_EDGE('',*,*,#1852,.F.);
#1259=ORIENTED_EDGE('',*,*,#1853,.F.);
#1260=ORIENTED_EDGE('',*,*,#1901,.F.);
#1261=ORIENTED_EDGE('',*,*,#1924,.F.);
#1262=ORIENTED_EDGE('',*,*,#1925,.F.);
#1263=ORIENTED_EDGE('',*,*,#1926,.F.);
#1264=ORIENTED_EDGE('',*,*,#1856,.F.);
#1265=ORIENTED_EDGE('',*,*,#1926,.T.);
#1266=ORIENTED_EDGE('',*,*,#1927,.F.);
#1267=ORIENTED_EDGE('',*,*,#1928,.F.);
#1268=ORIENTED_EDGE('',*,*,#1857,.T.);
#1269=ORIENTED_EDGE('',*,*,#1862,.F.);
#1270=ORIENTED_EDGE('',*,*,#1861,.T.);
#1271=ORIENTED_EDGE('',*,*,#1858,.T.);
#1272=ORIENTED_EDGE('',*,*,#1928,.T.);
#1273=ORIENTED_EDGE('',*,*,#1929,.T.);
#1274=ORIENTED_EDGE('',*,*,#1930,.T.);
#1275=ORIENTED_EDGE('',*,*,#1902,.T.);
#1276=ORIENTED_EDGE('',*,*,#1854,.T.);
#1277=ORIENTED_EDGE('',*,*,#1850,.T.);
#1278=ORIENTED_EDGE('',*,*,#1876,.F.);
#1279=ORIENTED_EDGE('',*,*,#1864,.T.);
#1280=ORIENTED_EDGE('',*,*,#1868,.F.);
#1281=ORIENTED_EDGE('',*,*,#1869,.F.);
#1282=ORIENTED_EDGE('',*,*,#1898,.F.);
#1283=ORIENTED_EDGE('',*,*,#1931,.F.);
#1284=ORIENTED_EDGE('',*,*,#1932,.F.);
#1285=ORIENTED_EDGE('',*,*,#1933,.F.);
#1286=ORIENTED_EDGE('',*,*,#1872,.F.);
#1287=ORIENTED_EDGE('',*,*,#1933,.T.);
#1288=ORIENTED_EDGE('',*,*,#1934,.F.);
#1289=ORIENTED_EDGE('',*,*,#1935,.F.);
#1290=ORIENTED_EDGE('',*,*,#1873,.T.);
#1291=ORIENTED_EDGE('',*,*,#1878,.F.);
#1292=ORIENTED_EDGE('',*,*,#1877,.T.);
#1293=ORIENTED_EDGE('',*,*,#1874,.T.);
#1294=ORIENTED_EDGE('',*,*,#1935,.T.);
#1295=ORIENTED_EDGE('',*,*,#1936,.T.);
#1296=ORIENTED_EDGE('',*,*,#1937,.T.);
#1297=ORIENTED_EDGE('',*,*,#1899,.T.);
#1298=ORIENTED_EDGE('',*,*,#1870,.T.);
#1299=ORIENTED_EDGE('',*,*,#1866,.T.);
#1300=ORIENTED_EDGE('',*,*,#1886,.T.);
#1301=ORIENTED_EDGE('',*,*,#1938,.T.);
#1302=ORIENTED_EDGE('',*,*,#1675,.F.);
#1303=ORIENTED_EDGE('',*,*,#1939,.F.);
#1304=ORIENTED_EDGE('',*,*,#1939,.T.);
#1305=ORIENTED_EDGE('',*,*,#1674,.T.);
#1306=ORIENTED_EDGE('',*,*,#1670,.F.);
#1307=ORIENTED_EDGE('',*,*,#1881,.F.);
#1308=ORIENTED_EDGE('',*,*,#1884,.T.);
#1309=ORIENTED_EDGE('',*,*,#1887,.T.);
#1310=ORIENTED_EDGE('',*,*,#1676,.F.);
#1311=ORIENTED_EDGE('',*,*,#1938,.F.);
#1312=ORIENTED_EDGE('',*,*,#1885,.F.);
#1313=ORIENTED_EDGE('',*,*,#1882,.F.);
#1314=ORIENTED_EDGE('',*,*,#1879,.T.);
#1315=ORIENTED_EDGE('',*,*,#1940,.T.);
#1316=ORIENTED_EDGE('',*,*,#1941,.F.);
#1317=ORIENTED_EDGE('',*,*,#1897,.T.);
#1318=ORIENTED_EDGE('',*,*,#1942,.T.);
#1319=ORIENTED_EDGE('',*,*,#1943,.F.);
#1320=ORIENTED_EDGE('',*,*,#1941,.T.);
#1321=ORIENTED_EDGE('',*,*,#1944,.T.);
#1322=ORIENTED_EDGE('',*,*,#1945,.F.);
#1323=ORIENTED_EDGE('',*,*,#1889,.F.);
#1324=ORIENTED_EDGE('',*,*,#1892,.T.);
#1325=ORIENTED_EDGE('',*,*,#1895,.T.);
#1326=ORIENTED_EDGE('',*,*,#1946,.F.);
#1327=ORIENTED_EDGE('',*,*,#1947,.T.);
#1328=ORIENTED_EDGE('',*,*,#1948,.T.);
#1329=ORIENTED_EDGE('',*,*,#1890,.F.);
#1330=ORIENTED_EDGE('',*,*,#1949,.F.);
#1331=ORIENTED_EDGE('',*,*,#1942,.F.);
#1332=ORIENTED_EDGE('',*,*,#1896,.F.);
#1333=ORIENTED_EDGE('',*,*,#1893,.F.);
#1334=ORIENTED_EDGE('',*,*,#1891,.T.);
#1335=ORIENTED_EDGE('',*,*,#1950,.T.);
#1336=ORIENTED_EDGE('',*,*,#1951,.F.);
#1337=ORIENTED_EDGE('',*,*,#1904,.F.);
#1338=ORIENTED_EDGE('',*,*,#1923,.F.);
#1339=ORIENTED_EDGE('',*,*,#1952,.F.);
#1340=ORIENTED_EDGE('',*,*,#1924,.T.);
#1341=ORIENTED_EDGE('',*,*,#1903,.F.);
#1342=ORIENTED_EDGE('',*,*,#1930,.F.);
#1343=ORIENTED_EDGE('',*,*,#1953,.F.);
#1344=ORIENTED_EDGE('',*,*,#1931,.T.);
#1345=ORIENTED_EDGE('',*,*,#1900,.F.);
#1346=ORIENTED_EDGE('',*,*,#1937,.F.);
#1347=ORIENTED_EDGE('',*,*,#1954,.F.);
#1348=ORIENTED_EDGE('',*,*,#1917,.T.);
#1349=ORIENTED_EDGE('',*,*,#1729,.F.);
#1350=ORIENTED_EDGE('',*,*,#1955,.T.);
#1351=ORIENTED_EDGE('',*,*,#1700,.F.);
#1352=ORIENTED_EDGE('',*,*,#1732,.F.);
#1353=ORIENTED_EDGE('',*,*,#1956,.F.);
#1354=ORIENTED_EDGE('',*,*,#1957,.F.);
#1355=ORIENTED_EDGE('',*,*,#1958,.T.);
#1356=ORIENTED_EDGE('',*,*,#1959,.T.);
#1357=ORIENTED_EDGE('',*,*,#1960,.F.);
#1358=ORIENTED_EDGE('',*,*,#1911,.T.);
#1359=ORIENTED_EDGE('',*,*,#1961,.T.);
#1360=ORIENTED_EDGE('',*,*,#1962,.F.);
#1361=ORIENTED_EDGE('',*,*,#1912,.T.);
#1362=ORIENTED_EDGE('',*,*,#1961,.F.);
#1363=ORIENTED_EDGE('',*,*,#1910,.F.);
#1364=ORIENTED_EDGE('',*,*,#1909,.T.);
#1365=ORIENTED_EDGE('',*,*,#1915,.T.);
#1366=ORIENTED_EDGE('',*,*,#1963,.T.);
#1367=ORIENTED_EDGE('',*,*,#1964,.F.);
#1368=ORIENTED_EDGE('',*,*,#1965,.F.);
#1369=ORIENTED_EDGE('',*,*,#1966,.T.);
#1370=ORIENTED_EDGE('',*,*,#1967,.F.);
#1371=ORIENTED_EDGE('',*,*,#1968,.F.);
#1372=ORIENTED_EDGE('',*,*,#1969,.T.);
#1373=ORIENTED_EDGE('',*,*,#1965,.T.);
#1374=ORIENTED_EDGE('',*,*,#1970,.F.);
#1375=ORIENTED_EDGE('',*,*,#1971,.F.);
#1376=ORIENTED_EDGE('',*,*,#1972,.T.);
#1377=ORIENTED_EDGE('',*,*,#1973,.T.);
#1378=ORIENTED_EDGE('',*,*,#1974,.F.);
#1379=ORIENTED_EDGE('',*,*,#1913,.F.);
#1380=ORIENTED_EDGE('',*,*,#1975,.T.);
#1381=ORIENTED_EDGE('',*,*,#1971,.T.);
#1382=ORIENTED_EDGE('',*,*,#1963,.F.);
#1383=ORIENTED_EDGE('',*,*,#1916,.F.);
#1384=ORIENTED_EDGE('',*,*,#1914,.F.);
#1385=ORIENTED_EDGE('',*,*,#1976,.T.);
#1386=ORIENTED_EDGE('',*,*,#1920,.T.);
#1387=ORIENTED_EDGE('',*,*,#1977,.T.);
#1388=ORIENTED_EDGE('',*,*,#1960,.T.);
#1389=ORIENTED_EDGE('',*,*,#1978,.F.);
#1390=ORIENTED_EDGE('',*,*,#1979,.F.);
#1391=ORIENTED_EDGE('',*,*,#1980,.T.);
#1392=ORIENTED_EDGE('',*,*,#1956,.T.);
#1393=ORIENTED_EDGE('',*,*,#1731,.F.);
#1394=ORIENTED_EDGE('',*,*,#1704,.T.);
#1395=ORIENTED_EDGE('',*,*,#1918,.T.);
#1396=ORIENTED_EDGE('',*,*,#1954,.T.);
#1397=ORIENTED_EDGE('',*,*,#1936,.F.);
#1398=ORIENTED_EDGE('',*,*,#1934,.T.);
#1399=ORIENTED_EDGE('',*,*,#1932,.T.);
#1400=ORIENTED_EDGE('',*,*,#1953,.T.);
#1401=ORIENTED_EDGE('',*,*,#1929,.F.);
#1402=ORIENTED_EDGE('',*,*,#1927,.T.);
#1403=ORIENTED_EDGE('',*,*,#1925,.T.);
#1404=ORIENTED_EDGE('',*,*,#1952,.T.);
#1405=ORIENTED_EDGE('',*,*,#1922,.F.);
#1406=ORIENTED_EDGE('',*,*,#1677,.F.);
#1407=ORIENTED_EDGE('',*,*,#1940,.F.);
#1408=ORIENTED_EDGE('',*,*,#1667,.F.);
#1409=ORIENTED_EDGE('',*,*,#1981,.T.);
#1410=ORIENTED_EDGE('',*,*,#1945,.T.);
#1411=ORIENTED_EDGE('',*,*,#1982,.T.);
#1412=ORIENTED_EDGE('',*,*,#1983,.F.);
#1413=ORIENTED_EDGE('',*,*,#1946,.T.);
#1414=ORIENTED_EDGE('',*,*,#1982,.F.);
#1415=ORIENTED_EDGE('',*,*,#1944,.F.);
#1416=ORIENTED_EDGE('',*,*,#1943,.T.);
#1417=ORIENTED_EDGE('',*,*,#1949,.T.);
#1418=ORIENTED_EDGE('',*,*,#1984,.T.);
#1419=ORIENTED_EDGE('',*,*,#1985,.F.);
#1420=ORIENTED_EDGE('',*,*,#1986,.F.);
#1421=ORIENTED_EDGE('',*,*,#1987,.T.);
#1422=ORIENTED_EDGE('',*,*,#1988,.F.);
#1423=ORIENTED_EDGE('',*,*,#1989,.F.);
#1424=ORIENTED_EDGE('',*,*,#1990,.T.);
#1425=ORIENTED_EDGE('',*,*,#1986,.T.);
#1426=ORIENTED_EDGE('',*,*,#1991,.F.);
#1427=ORIENTED_EDGE('',*,*,#1992,.F.);
#1428=ORIENTED_EDGE('',*,*,#1993,.T.);
#1429=ORIENTED_EDGE('',*,*,#1994,.T.);
#1430=ORIENTED_EDGE('',*,*,#1995,.F.);
#1431=ORIENTED_EDGE('',*,*,#1947,.F.);
#1432=ORIENTED_EDGE('',*,*,#1996,.T.);
#1433=ORIENTED_EDGE('',*,*,#1992,.T.);
#1434=ORIENTED_EDGE('',*,*,#1984,.F.);
#1435=ORIENTED_EDGE('',*,*,#1950,.F.);
#1436=ORIENTED_EDGE('',*,*,#1948,.F.);
#1437=ORIENTED_EDGE('',*,*,#1997,.T.);
#1438=ORIENTED_EDGE('',*,*,#1998,.F.);
#1439=ORIENTED_EDGE('',*,*,#1999,.F.);
#1440=ORIENTED_EDGE('',*,*,#2000,.T.);
#1441=ORIENTED_EDGE('',*,*,#1989,.T.);
#1442=ORIENTED_EDGE('',*,*,#2001,.F.);
#1443=ORIENTED_EDGE('',*,*,#2002,.F.);
#1444=ORIENTED_EDGE('',*,*,#2003,.T.);
#1445=ORIENTED_EDGE('',*,*,#1957,.T.);
#1446=ORIENTED_EDGE('',*,*,#2004,.F.);
#1447=ORIENTED_EDGE('',*,*,#2005,.F.);
#1448=ORIENTED_EDGE('',*,*,#1958,.F.);
#1449=ORIENTED_EDGE('',*,*,#2003,.F.);
#1450=ORIENTED_EDGE('',*,*,#2006,.F.);
#1451=ORIENTED_EDGE('',*,*,#1959,.F.);
#1452=ORIENTED_EDGE('',*,*,#2005,.T.);
#1453=ORIENTED_EDGE('',*,*,#2007,.T.);
#1454=ORIENTED_EDGE('',*,*,#2008,.F.);
#1455=ORIENTED_EDGE('',*,*,#2009,.F.);
#1456=ORIENTED_EDGE('',*,*,#2010,.T.);
#1457=ORIENTED_EDGE('',*,*,#1968,.T.);
#1458=ORIENTED_EDGE('',*,*,#1975,.F.);
#1459=ORIENTED_EDGE('',*,*,#1962,.T.);
#1460=ORIENTED_EDGE('',*,*,#1966,.F.);
#1461=ORIENTED_EDGE('',*,*,#1969,.F.);
#1462=ORIENTED_EDGE('',*,*,#2010,.F.);
#1463=ORIENTED_EDGE('',*,*,#2011,.F.);
#1464=ORIENTED_EDGE('',*,*,#2012,.F.);
#1465=ORIENTED_EDGE('',*,*,#2013,.F.);
#1466=ORIENTED_EDGE('',*,*,#1972,.F.);
#1467=ORIENTED_EDGE('',*,*,#2014,.F.);
#1468=ORIENTED_EDGE('',*,*,#1973,.F.);
#1469=ORIENTED_EDGE('',*,*,#2013,.T.);
#1470=ORIENTED_EDGE('',*,*,#2015,.T.);
#1471=ORIENTED_EDGE('',*,*,#1976,.F.);
#1472=ORIENTED_EDGE('',*,*,#1974,.T.);
#1473=ORIENTED_EDGE('',*,*,#1970,.T.);
#1474=ORIENTED_EDGE('',*,*,#2014,.T.);
#1475=ORIENTED_EDGE('',*,*,#2016,.T.);
#1476=ORIENTED_EDGE('',*,*,#2017,.T.);
#1477=ORIENTED_EDGE('',*,*,#2008,.T.);
#1478=ORIENTED_EDGE('',*,*,#1967,.T.);
#1479=ORIENTED_EDGE('',*,*,#1964,.T.);
#1480=ORIENTED_EDGE('',*,*,#2006,.T.);
#1481=ORIENTED_EDGE('',*,*,#2018,.F.);
#1482=ORIENTED_EDGE('',*,*,#2019,.F.);
#1483=ORIENTED_EDGE('',*,*,#1978,.T.);
#1484=ORIENTED_EDGE('',*,*,#2020,.T.);
#1485=ORIENTED_EDGE('',*,*,#2021,.T.);
#1486=ORIENTED_EDGE('',*,*,#2022,.T.);
#1487=ORIENTED_EDGE('',*,*,#1979,.T.);
#1488=ORIENTED_EDGE('',*,*,#2019,.T.);
#1489=ORIENTED_EDGE('',*,*,#2001,.T.);
#1490=ORIENTED_EDGE('',*,*,#1980,.F.);
#1491=ORIENTED_EDGE('',*,*,#2022,.F.);
#1492=ORIENTED_EDGE('',*,*,#2023,.T.);
#1493=ORIENTED_EDGE('',*,*,#2024,.T.);
#1494=ORIENTED_EDGE('',*,*,#2025,.T.);
#1495=ORIENTED_EDGE('',*,*,#2026,.F.);
#1496=ORIENTED_EDGE('',*,*,#1684,.F.);
#1497=ORIENTED_EDGE('',*,*,#1981,.F.);
#1498=ORIENTED_EDGE('',*,*,#1687,.T.);
#1499=ORIENTED_EDGE('',*,*,#1685,.T.);
#1500=ORIENTED_EDGE('',*,*,#2026,.T.);
#1501=ORIENTED_EDGE('',*,*,#2027,.T.);
#1502=ORIENTED_EDGE('',*,*,#2028,.T.);
#1503=ORIENTED_EDGE('',*,*,#1690,.T.);
#1504=ORIENTED_EDGE('',*,*,#1681,.T.);
#1505=ORIENTED_EDGE('',*,*,#1678,.T.);
#1506=ORIENTED_EDGE('',*,*,#1996,.F.);
#1507=ORIENTED_EDGE('',*,*,#1983,.T.);
#1508=ORIENTED_EDGE('',*,*,#1987,.F.);
#1509=ORIENTED_EDGE('',*,*,#1990,.F.);
#1510=ORIENTED_EDGE('',*,*,#2000,.F.);
#1511=ORIENTED_EDGE('',*,*,#2029,.F.);
#1512=ORIENTED_EDGE('',*,*,#2030,.F.);
#1513=ORIENTED_EDGE('',*,*,#2031,.F.);
#1514=ORIENTED_EDGE('',*,*,#1993,.F.);
#1515=ORIENTED_EDGE('',*,*,#2032,.F.);
#1516=ORIENTED_EDGE('',*,*,#1994,.F.);
#1517=ORIENTED_EDGE('',*,*,#2031,.T.);
#1518=ORIENTED_EDGE('',*,*,#2033,.T.);
#1519=ORIENTED_EDGE('',*,*,#1997,.F.);
#1520=ORIENTED_EDGE('',*,*,#1995,.T.);
#1521=ORIENTED_EDGE('',*,*,#1991,.T.);
#1522=ORIENTED_EDGE('',*,*,#2032,.T.);
#1523=ORIENTED_EDGE('',*,*,#2034,.T.);
#1524=ORIENTED_EDGE('',*,*,#2035,.T.);
#1525=ORIENTED_EDGE('',*,*,#1998,.T.);
#1526=ORIENTED_EDGE('',*,*,#1988,.T.);
#1527=ORIENTED_EDGE('',*,*,#1985,.T.);
#1528=ORIENTED_EDGE('',*,*,#2036,.F.);
#1529=ORIENTED_EDGE('',*,*,#1695,.T.);
#1530=ORIENTED_EDGE('',*,*,#2037,.F.);
#1531=ORIENTED_EDGE('',*,*,#1741,.F.);
#1532=ORIENTED_EDGE('',*,*,#2038,.T.);
#1533=ORIENTED_EDGE('',*,*,#2039,.F.);
#1534=ORIENTED_EDGE('',*,*,#1744,.T.);
#1535=ORIENTED_EDGE('',*,*,#2037,.T.);
#1536=ORIENTED_EDGE('',*,*,#1737,.F.);
#1537=ORIENTED_EDGE('',*,*,#1745,.F.);
#1538=ORIENTED_EDGE('',*,*,#2039,.T.);
#1539=ORIENTED_EDGE('',*,*,#1736,.T.);
#1540=ORIENTED_EDGE('',*,*,#2040,.F.);
#1541=ORIENTED_EDGE('',*,*,#1746,.F.);
#1542=ORIENTED_EDGE('',*,*,#2040,.T.);
#1543=ORIENTED_EDGE('',*,*,#1735,.T.);
#1544=ORIENTED_EDGE('',*,*,#2041,.F.);
#1545=ORIENTED_EDGE('',*,*,#1742,.F.);
#1546=ORIENTED_EDGE('',*,*,#2041,.T.);
#1547=ORIENTED_EDGE('',*,*,#1734,.T.);
#1548=ORIENTED_EDGE('',*,*,#2042,.F.);
#1549=ORIENTED_EDGE('',*,*,#2043,.F.);
#1550=ORIENTED_EDGE('',*,*,#2044,.F.);
#1551=ORIENTED_EDGE('',*,*,#2045,.T.);
#1552=ORIENTED_EDGE('',*,*,#1739,.F.);
#1553=ORIENTED_EDGE('',*,*,#1743,.F.);
#1554=ORIENTED_EDGE('',*,*,#2042,.T.);
#1555=ORIENTED_EDGE('',*,*,#1733,.T.);
#1556=ORIENTED_EDGE('',*,*,#1697,.T.);
#1557=ORIENTED_EDGE('',*,*,#2046,.F.);
#1558=ORIENTED_EDGE('',*,*,#2047,.F.);
#1559=ORIENTED_EDGE('',*,*,#2048,.T.);
#1560=ORIENTED_EDGE('',*,*,#2044,.T.);
#1561=ORIENTED_EDGE('',*,*,#2049,.F.);
#1562=ORIENTED_EDGE('',*,*,#2050,.F.);
#1563=ORIENTED_EDGE('',*,*,#2051,.T.);
#1564=ORIENTED_EDGE('',*,*,#2047,.T.);
#1565=ORIENTED_EDGE('',*,*,#2052,.F.);
#1566=ORIENTED_EDGE('',*,*,#1688,.T.);
#1567=ORIENTED_EDGE('',*,*,#2028,.F.);
#1568=ORIENTED_EDGE('',*,*,#2053,.F.);
#1569=ORIENTED_EDGE('',*,*,#2029,.T.);
#1570=ORIENTED_EDGE('',*,*,#1999,.T.);
#1571=ORIENTED_EDGE('',*,*,#2035,.F.);
#1572=ORIENTED_EDGE('',*,*,#2054,.F.);
#1573=ORIENTED_EDGE('',*,*,#2011,.T.);
#1574=ORIENTED_EDGE('',*,*,#2009,.T.);
#1575=ORIENTED_EDGE('',*,*,#2017,.F.);
#1576=ORIENTED_EDGE('',*,*,#2055,.F.);
#1577=ORIENTED_EDGE('',*,*,#2056,.T.);
#1578=ORIENTED_EDGE('',*,*,#2050,.T.);
#1579=ORIENTED_EDGE('',*,*,#2057,.T.);
#1580=ORIENTED_EDGE('',*,*,#2058,.F.);
#1581=ORIENTED_EDGE('',*,*,#2007,.F.);
#1582=ORIENTED_EDGE('',*,*,#2004,.T.);
#1583=ORIENTED_EDGE('',*,*,#2002,.T.);
#1584=ORIENTED_EDGE('',*,*,#2059,.F.);
#1585=ORIENTED_EDGE('',*,*,#2025,.F.);
#1586=ORIENTED_EDGE('',*,*,#2060,.T.);
#1587=ORIENTED_EDGE('',*,*,#2059,.T.);
#1588=ORIENTED_EDGE('',*,*,#2023,.F.);
#1589=ORIENTED_EDGE('',*,*,#2021,.F.);
#1590=ORIENTED_EDGE('',*,*,#2018,.T.);
#1591=ORIENTED_EDGE('',*,*,#2058,.T.);
#1592=ORIENTED_EDGE('',*,*,#2061,.F.);
#1593=ORIENTED_EDGE('',*,*,#1691,.F.);
#1594=ORIENTED_EDGE('',*,*,#2062,.T.);
#1595=ORIENTED_EDGE('',*,*,#2055,.T.);
#1596=ORIENTED_EDGE('',*,*,#2016,.F.);
#1597=ORIENTED_EDGE('',*,*,#2015,.F.);
#1598=ORIENTED_EDGE('',*,*,#2012,.T.);
#1599=ORIENTED_EDGE('',*,*,#2054,.T.);
#1600=ORIENTED_EDGE('',*,*,#2034,.F.);
#1601=ORIENTED_EDGE('',*,*,#2033,.F.);
#1602=ORIENTED_EDGE('',*,*,#2030,.T.);
#1603=ORIENTED_EDGE('',*,*,#2053,.T.);
#1604=ORIENTED_EDGE('',*,*,#2027,.F.);
#1605=ORIENTED_EDGE('',*,*,#2063,.F.);
#1606=ORIENTED_EDGE('',*,*,#2064,.F.);
#1607=ORIENTED_EDGE('',*,*,#2065,.T.);
#1608=ORIENTED_EDGE('',*,*,#1693,.T.);
#1609=ORIENTED_EDGE('',*,*,#2066,.F.);
#1610=ORIENTED_EDGE('',*,*,#2038,.F.);
#1611=ORIENTED_EDGE('',*,*,#2067,.T.);
#1612=ORIENTED_EDGE('',*,*,#2064,.T.);
#1613=ORIENTED_EDGE('',*,*,#2067,.F.);
#1614=ORIENTED_EDGE('',*,*,#1740,.T.);
#1615=ORIENTED_EDGE('',*,*,#2045,.F.);
#1616=ORIENTED_EDGE('',*,*,#2048,.F.);
#1617=ORIENTED_EDGE('',*,*,#2051,.F.);
#1618=ORIENTED_EDGE('',*,*,#2056,.F.);
#1619=ORIENTED_EDGE('',*,*,#2062,.F.);
#1620=ORIENTED_EDGE('',*,*,#1694,.F.);
#1621=ORIENTED_EDGE('',*,*,#2065,.F.);
#1622=ORIENTED_EDGE('',*,*,#1721,.T.);
#1623=ORIENTED_EDGE('',*,*,#1701,.T.);
#1624=ORIENTED_EDGE('',*,*,#1955,.F.);
#1625=ORIENTED_EDGE('',*,*,#1728,.T.);
#1626=ORIENTED_EDGE('',*,*,#1718,.T.);
#1627=ORIENTED_EDGE('',*,*,#1710,.T.);
#1628=ORIENTED_EDGE('',*,*,#1726,.T.);
#1629=ORIENTED_EDGE('',*,*,#1705,.T.);
#1630=ORIENTED_EDGE('',*,*,#1724,.T.);
#1631=ORIENTED_EDGE('',*,*,#1844,.F.);
#1632=ORIENTED_EDGE('',*,*,#1795,.F.);
#1633=ORIENTED_EDGE('',*,*,#1831,.T.);
#1634=ORIENTED_EDGE('',*,*,#1834,.F.);
#1635=ORIENTED_EDGE('',*,*,#1838,.F.);
#1636=ORIENTED_EDGE('',*,*,#1905,.F.);
#1637=ORIENTED_EDGE('',*,*,#1951,.T.);
#1638=ORIENTED_EDGE('',*,*,#1977,.F.);
#1639=ORIENTED_EDGE('',*,*,#1919,.F.);
#1640=ORIENTED_EDGE('',*,*,#1841,.F.);
#1641=ORIENTED_EDGE('',*,*,#2043,.T.);
#1642=ORIENTED_EDGE('',*,*,#1696,.F.);
#1643=ORIENTED_EDGE('',*,*,#2036,.T.);
#1644=ORIENTED_EDGE('',*,*,#2066,.T.);
#1645=ORIENTED_EDGE('',*,*,#2063,.T.);
#1646=ORIENTED_EDGE('',*,*,#1692,.T.);
#1647=ORIENTED_EDGE('',*,*,#2061,.T.);
#1648=ORIENTED_EDGE('',*,*,#2057,.F.);
#1649=ORIENTED_EDGE('',*,*,#2049,.T.);
#1650=ORIENTED_EDGE('',*,*,#2046,.T.);
#1651=ORIENTED_EDGE('',*,*,#1669,.T.);
#1652=ORIENTED_EDGE('',*,*,#1673,.F.);
#1653=ORIENTED_EDGE('',*,*,#1680,.F.);
#1654=ORIENTED_EDGE('',*,*,#1689,.F.);
#1655=ORIENTED_EDGE('',*,*,#2052,.T.);
#1656=ORIENTED_EDGE('',*,*,#2060,.F.);
#1657=ORIENTED_EDGE('',*,*,#2024,.F.);
#1658=ORIENTED_EDGE('',*,*,#1683,.F.);
#1659=ORIENTED_EDGE('',*,*,#1686,.F.);
#1660=ORIENTED_EDGE('',*,*,#1665,.F.);
#1661=ORIENTED_EDGE('',*,*,#2068,.T.);
#1662=ORIENTED_EDGE('',*,*,#2020,.F.);
#1663=ORIENTED_EDGE('',*,*,#2068,.F.);
#1664=EDGE_CURVE('',#2069,#2070,#2329,.F.);
#1665=EDGE_CURVE('',#2069,#2071,#800,.T.);
#1666=EDGE_CURVE('',#2071,#2072,#130,.T.);
#1667=EDGE_CURVE('',#2072,#2073,#2330,.F.);
#1668=EDGE_CURVE('',#2070,#2073,#131,.T.);
#1669=EDGE_CURVE('',#2069,#2074,#132,.T.);
#1670=EDGE_CURVE('',#2070,#2075,#133,.T.);
#1671=EDGE_CURVE('',#2075,#2074,#134,.T.);
#1672=EDGE_CURVE('',#2076,#2077,#135,.T.);
#1673=EDGE_CURVE('',#2076,#2074,#136,.T.);
#1674=EDGE_CURVE('',#2078,#2075,#137,.T.);
#1675=EDGE_CURVE('',#2078,#2079,#138,.T.);
#1676=EDGE_CURVE('',#2079,#2080,#139,.T.);
#1677=EDGE_CURVE('',#2080,#2081,#140,.T.);
#1678=EDGE_CURVE('',#2077,#2081,#141,.T.);
#1679=EDGE_CURVE('',#2082,#2083,#142,.T.);
#1680=EDGE_CURVE('',#2082,#2076,#801,.T.);
#1681=EDGE_CURVE('',#2083,#2077,#802,.T.);
#1682=EDGE_CURVE('',#2084,#2085,#143,.T.);
#1683=EDGE_CURVE('',#2084,#2086,#803,.F.);
#1684=EDGE_CURVE('',#2086,#2087,#144,.T.);
#1685=EDGE_CURVE('',#2085,#2087,#804,.T.);
#1686=EDGE_CURVE('',#2071,#2084,#145,.T.);
#1687=EDGE_CURVE('',#2072,#2085,#146,.T.);
#1688=EDGE_CURVE('',#2088,#2089,#147,.T.);
#1689=EDGE_CURVE('',#2088,#2082,#148,.T.);
#1690=EDGE_CURVE('',#2089,#2083,#149,.T.);
#1691=EDGE_CURVE('',#2090,#2091,#150,.T.);
#1692=EDGE_CURVE('',#2092,#2091,#151,.T.);
#1693=EDGE_CURVE('',#2093,#2092,#152,.T.);
#1694=EDGE_CURVE('',#2093,#2090,#153,.T.);
#1695=EDGE_CURVE('',#2094,#2095,#2331,.F.);
#1696=EDGE_CURVE('',#2094,#2096,#154,.T.);
#1697=EDGE_CURVE('',#2097,#2096,#155,.T.);
#1698=EDGE_CURVE('',#2095,#2097,#156,.T.);
#1699=EDGE_CURVE('',#2098,#2099,#157,.T.);
#1700=EDGE_CURVE('',#2098,#2100,#158,.T.);
#1701=EDGE_CURVE('',#2101,#2100,#159,.T.);
#1702=EDGE_CURVE('',#2101,#2102,#160,.T.);
#1703=EDGE_CURVE('',#2102,#2103,#161,.T.);
#1704=EDGE_CURVE('',#2099,#2103,#162,.T.);
#1705=EDGE_CURVE('',#2104,#2105,#805,.F.);
#1706=EDGE_CURVE('',#2104,#2106,#2332,.F.);
#1707=EDGE_CURVE('',#2106,#2107,#163,.T.);
#1708=EDGE_CURVE('',#2108,#2107,#2333,.F.);
#1709=EDGE_CURVE('',#2105,#2108,#164,.T.);
#1710=EDGE_CURVE('',#2109,#2110,#165,.T.);
#1711=EDGE_CURVE('',#2109,#2111,#166,.T.);
#1712=EDGE_CURVE('',#2111,#2112,#167,.T.);
#1713=EDGE_CURVE('',#2113,#2112,#168,.T.);
#1714=EDGE_CURVE('',#2114,#2113,#169,.T.);
#1715=EDGE_CURVE('',#2115,#2114,#170,.T.);
#1716=EDGE_CURVE('',#2115,#2116,#171,.T.);
#1717=EDGE_CURVE('',#2116,#2110,#172,.T.);
#1718=EDGE_CURVE('',#2117,#2109,#806,.F.);
#1719=EDGE_CURVE('',#2117,#2118,#173,.T.);
#1720=EDGE_CURVE('',#2118,#2111,#807,.T.);
#1721=EDGE_CURVE('',#2119,#2101,#808,.T.);
#1722=EDGE_CURVE('',#2119,#2120,#174,.T.);
#1723=EDGE_CURVE('',#2120,#2102,#809,.T.);
#1724=EDGE_CURVE('',#2105,#2119,#175,.T.);
#1725=EDGE_CURVE('',#2108,#2120,#176,.T.);
#1726=EDGE_CURVE('',#2110,#2104,#177,.T.);
#1727=EDGE_CURVE('',#2106,#2116,#178,.T.);
#1728=EDGE_CURVE('',#2121,#2117,#179,.T.);
#1729=EDGE_CURVE('',#2121,#2122,#180,.T.);
#1730=EDGE_CURVE('',#2122,#2118,#181,.T.);
#1731=EDGE_CURVE('',#2099,#2123,#182,.F.);
#1732=EDGE_CURVE('',#2123,#2098,#183,.T.);
#1733=EDGE_CURVE('',#2124,#2097,#184,.T.);
#1734=EDGE_CURVE('',#2125,#2124,#810,.T.);
#1735=EDGE_CURVE('',#2126,#2125,#185,.T.);
#1736=EDGE_CURVE('',#2127,#2126,#186,.T.);
#1737=EDGE_CURVE('',#2127,#2095,#187,.T.);
#1738=EDGE_CURVE('',#2128,#2129,#188,.T.);
#1739=EDGE_CURVE('',#2129,#2130,#189,.T.);
#1740=EDGE_CURVE('',#2131,#2130,#190,.T.);
#1741=EDGE_CURVE('',#2131,#2128,#2334,.F.);
#1742=EDGE_CURVE('',#2132,#2133,#811,.T.);
#1743=EDGE_CURVE('',#2133,#2129,#191,.T.);
#1744=EDGE_CURVE('',#2134,#2128,#192,.T.);
#1745=EDGE_CURVE('',#2134,#2135,#193,.T.);
#1746=EDGE_CURVE('',#2135,#2132,#194,.T.);
#1747=EDGE_CURVE('',#2136,#2107,#195,.T.);
#1748=EDGE_CURVE('',#2137,#2106,#196,.T.);
#1749=EDGE_CURVE('',#2137,#2136,#197,.T.);
#1750=EDGE_CURVE('',#2136,#2138,#198,.T.);
#1751=EDGE_CURVE('',#2137,#2139,#199,.T.);
#1752=EDGE_CURVE('',#2139,#2138,#200,.T.);
#1753=EDGE_CURVE('',#2138,#2140,#201,.T.);
#1754=EDGE_CURVE('',#2139,#2141,#202,.T.);
#1755=EDGE_CURVE('',#2141,#2140,#203,.T.);
#1756=EDGE_CURVE('',#2142,#2143,#204,.T.);
#1757=EDGE_CURVE('',#2142,#2144,#205,.T.);
#1758=EDGE_CURVE('',#2144,#2145,#206,.T.);
#1759=EDGE_CURVE('',#2143,#2145,#207,.T.);
#1760=EDGE_CURVE('',#2142,#2146,#208,.T.);
#1761=EDGE_CURVE('',#2146,#2147,#209,.T.);
#1762=EDGE_CURVE('',#2144,#2147,#210,.T.);
#1763=EDGE_CURVE('',#2146,#2148,#211,.T.);
#1764=EDGE_CURVE('',#2148,#2149,#212,.T.);
#1765=EDGE_CURVE('',#2147,#2149,#213,.T.);
#1766=EDGE_CURVE('',#2150,#2151,#214,.T.);
#1767=EDGE_CURVE('',#2150,#2152,#215,.T.);
#1768=EDGE_CURVE('',#2152,#2153,#216,.T.);
#1769=EDGE_CURVE('',#2151,#2153,#217,.T.);
#1770=EDGE_CURVE('',#2150,#2154,#218,.T.);
#1771=EDGE_CURVE('',#2154,#2155,#219,.T.);
#1772=EDGE_CURVE('',#2152,#2155,#220,.T.);
#1773=EDGE_CURVE('',#2154,#2156,#221,.T.);
#1774=EDGE_CURVE('',#2156,#2157,#222,.T.);
#1775=EDGE_CURVE('',#2155,#2157,#223,.T.);
#1776=EDGE_CURVE('',#2158,#2159,#224,.T.);
#1777=EDGE_CURVE('',#2158,#2160,#225,.T.);
#1778=EDGE_CURVE('',#2160,#2161,#226,.T.);
#1779=EDGE_CURVE('',#2159,#2161,#227,.T.);
#1780=EDGE_CURVE('',#2158,#2162,#228,.T.);
#1781=EDGE_CURVE('',#2162,#2163,#229,.T.);
#1782=EDGE_CURVE('',#2160,#2163,#230,.T.);
#1783=EDGE_CURVE('',#2162,#2164,#231,.T.);
#1784=EDGE_CURVE('',#2164,#2165,#232,.T.);
#1785=EDGE_CURVE('',#2163,#2165,#233,.T.);
#1786=EDGE_CURVE('',#2140,#2114,#812,.T.);
#1787=EDGE_CURVE('',#2141,#2115,#813,.T.);
#1788=EDGE_CURVE('',#2107,#2113,#234,.T.);
#1789=EDGE_CURVE('',#2166,#2167,#235,.T.);
#1790=EDGE_CURVE('',#2145,#2167,#236,.T.);
#1791=EDGE_CURVE('',#2149,#2166,#814,.T.);
#1792=EDGE_CURVE('',#2148,#2168,#815,.T.);
#1793=EDGE_CURVE('',#2168,#2166,#237,.T.);
#1794=EDGE_CURVE('',#2169,#2145,#2335,.F.);
#1795=EDGE_CURVE('',#2169,#2170,#816,.F.);
#1796=EDGE_CURVE('',#2171,#2170,#238,.T.);
#1797=EDGE_CURVE('',#2171,#2143,#2336,.F.);
#1798=EDGE_CURVE('',#2143,#2172,#239,.T.);
#1799=EDGE_CURVE('',#2168,#2172,#240,.T.);
#1800=EDGE_CURVE('',#2173,#2174,#241,.T.);
#1801=EDGE_CURVE('',#2153,#2174,#242,.T.);
#1802=EDGE_CURVE('',#2157,#2173,#817,.T.);
#1803=EDGE_CURVE('',#2156,#2175,#818,.T.);
#1804=EDGE_CURVE('',#2175,#2173,#243,.T.);
#1805=EDGE_CURVE('',#2176,#2177,#244,.T.);
#1806=EDGE_CURVE('',#2176,#2151,#2337,.F.);
#1807=EDGE_CURVE('',#2177,#2153,#2338,.F.);
#1808=EDGE_CURVE('',#2151,#2178,#245,.T.);
#1809=EDGE_CURVE('',#2175,#2178,#246,.T.);
#1810=EDGE_CURVE('',#2179,#2180,#247,.T.);
#1811=EDGE_CURVE('',#2161,#2180,#248,.T.);
#1812=EDGE_CURVE('',#2165,#2179,#819,.T.);
#1813=EDGE_CURVE('',#2164,#2181,#820,.T.);
#1814=EDGE_CURVE('',#2181,#2179,#249,.T.);
#1815=EDGE_CURVE('',#2182,#2183,#250,.T.);
#1816=EDGE_CURVE('',#2182,#2159,#2339,.F.);
#1817=EDGE_CURVE('',#2183,#2161,#2340,.F.);
#1818=EDGE_CURVE('',#2159,#2184,#251,.T.);
#1819=EDGE_CURVE('',#2181,#2184,#252,.T.);
#1820=EDGE_CURVE('',#2185,#2186,#253,.T.);
#1821=EDGE_CURVE('',#2185,#2187,#254,.T.);
#1822=EDGE_CURVE('',#2187,#2188,#255,.T.);
#1823=EDGE_CURVE('',#2186,#2188,#256,.T.);
#1824=EDGE_CURVE('',#2185,#2189,#257,.T.);
#1825=EDGE_CURVE('',#2186,#2190,#258,.T.);
#1826=EDGE_CURVE('',#2189,#2190,#259,.T.);
#1827=EDGE_CURVE('',#2189,#2191,#260,.T.);
#1828=EDGE_CURVE('',#2190,#2192,#261,.T.);
#1829=EDGE_CURVE('',#2191,#2192,#262,.T.);
#1830=EDGE_CURVE('',#2108,#2112,#263,.T.);
#1831=EDGE_CURVE('',#2169,#2193,#264,.T.);
#1832=EDGE_CURVE('',#2167,#2193,#265,.T.);
#1833=EDGE_CURVE('',#2194,#2195,#266,.T.);
#1834=EDGE_CURVE('',#2195,#2193,#267,.T.);
#1835=EDGE_CURVE('',#2172,#2196,#268,.T.);
#1836=EDGE_CURVE('',#2194,#2196,#269,.T.);
#1837=EDGE_CURVE('',#2197,#2198,#270,.T.);
#1838=EDGE_CURVE('',#2198,#2195,#821,.F.);
#1839=EDGE_CURVE('',#2197,#2194,#822,.T.);
#1840=EDGE_CURVE('',#2199,#2200,#271,.T.);
#1841=EDGE_CURVE('',#2200,#2201,#823,.T.);
#1842=EDGE_CURVE('',#2202,#2201,#272,.T.);
#1843=EDGE_CURVE('',#2199,#2202,#824,.T.);
#1844=EDGE_CURVE('',#2170,#2200,#273,.T.);
#1845=EDGE_CURVE('',#2171,#2199,#274,.T.);
#1846=EDGE_CURVE('',#2171,#2196,#275,.T.);
#1847=EDGE_CURVE('',#2174,#2203,#276,.T.);
#1848=EDGE_CURVE('',#2177,#2203,#277,.T.);
#1849=EDGE_CURVE('',#2178,#2204,#278,.T.);
#1850=EDGE_CURVE('',#2205,#2204,#279,.T.);
#1851=EDGE_CURVE('',#2205,#2206,#280,.T.);
#1852=EDGE_CURVE('',#2206,#2203,#281,.T.);
#1853=EDGE_CURVE('',#2207,#2206,#825,.T.);
#1854=EDGE_CURVE('',#2208,#2205,#826,.T.);
#1855=EDGE_CURVE('',#2208,#2207,#282,.T.);
#1856=EDGE_CURVE('',#2209,#2210,#827,.T.);
#1857=EDGE_CURVE('',#2211,#2210,#283,.T.);
#1858=EDGE_CURVE('',#2212,#2211,#828,.T.);
#1859=EDGE_CURVE('',#2212,#2209,#284,.T.);
#1860=EDGE_CURVE('',#2177,#2209,#285,.T.);
#1861=EDGE_CURVE('',#2176,#2212,#286,.T.);
#1862=EDGE_CURVE('',#2176,#2204,#287,.T.);
#1863=EDGE_CURVE('',#2180,#2213,#288,.T.);
#1864=EDGE_CURVE('',#2183,#2213,#289,.T.);
#1865=EDGE_CURVE('',#2184,#2214,#290,.T.);
#1866=EDGE_CURVE('',#2215,#2214,#291,.T.);
#1867=EDGE_CURVE('',#2215,#2216,#292,.T.);
#1868=EDGE_CURVE('',#2216,#2213,#293,.T.);
#1869=EDGE_CURVE('',#2217,#2216,#829,.T.);
#1870=EDGE_CURVE('',#2218,#2215,#830,.T.);
#1871=EDGE_CURVE('',#2218,#2217,#294,.T.);
#1872=EDGE_CURVE('',#2219,#2220,#831,.T.);
#1873=EDGE_CURVE('',#2221,#2220,#295,.T.);
#1874=EDGE_CURVE('',#2222,#2221,#832,.T.);
#1875=EDGE_CURVE('',#2222,#2219,#296,.T.);
#1876=EDGE_CURVE('',#2183,#2219,#297,.T.);
#1877=EDGE_CURVE('',#2182,#2222,#298,.T.);
#1878=EDGE_CURVE('',#2182,#2214,#299,.T.);
#1879=EDGE_CURVE('',#2223,#2073,#300,.T.);
#1880=EDGE_CURVE('',#2224,#2223,#301,.T.);
#1881=EDGE_CURVE('',#2224,#2070,#302,.T.);
#1882=EDGE_CURVE('',#2223,#2225,#303,.T.);
#1883=EDGE_CURVE('',#2226,#2225,#304,.T.);
#1884=EDGE_CURVE('',#2224,#2226,#305,.T.);
#1885=EDGE_CURVE('',#2225,#2227,#306,.T.);
#1886=EDGE_CURVE('',#2228,#2227,#307,.T.);
#1887=EDGE_CURVE('',#2226,#2228,#308,.T.);
#1888=EDGE_CURVE('',#2229,#2230,#309,.T.);
#1889=EDGE_CURVE('',#2229,#2231,#310,.T.);
#1890=EDGE_CURVE('',#2231,#2232,#311,.T.);
#1891=EDGE_CURVE('',#2230,#2232,#312,.T.);
#1892=EDGE_CURVE('',#2229,#2233,#313,.T.);
#1893=EDGE_CURVE('',#2230,#2234,#314,.T.);
#1894=EDGE_CURVE('',#2233,#2234,#315,.T.);
#1895=EDGE_CURVE('',#2233,#2235,#316,.T.);
#1896=EDGE_CURVE('',#2234,#2236,#317,.T.);
#1897=EDGE_CURVE('',#2235,#2236,#318,.T.);
#1898=EDGE_CURVE('',#2237,#2217,#319,.T.);
#1899=EDGE_CURVE('',#2238,#2218,#320,.T.);
#1900=EDGE_CURVE('',#2238,#2237,#321,.T.);
#1901=EDGE_CURVE('',#2239,#2207,#322,.T.);
#1902=EDGE_CURVE('',#2240,#2208,#323,.T.);
#1903=EDGE_CURVE('',#2240,#2239,#324,.T.);
#1904=EDGE_CURVE('',#2241,#2242,#325,.T.);
#1905=EDGE_CURVE('',#2242,#2198,#326,.T.);
#1906=EDGE_CURVE('',#2241,#2197,#327,.T.);
#1907=EDGE_CURVE('',#2191,#2243,#833,.T.);
#1908=EDGE_CURVE('',#2192,#2244,#834,.T.);
#1909=EDGE_CURVE('',#2243,#2244,#328,.T.);
#1910=EDGE_CURVE('',#2243,#2245,#329,.T.);
#1911=EDGE_CURVE('',#2187,#2245,#330,.T.);
#1912=EDGE_CURVE('',#2246,#2187,#2341,.F.);
#1913=EDGE_CURVE('',#2246,#2247,#331,.T.);
#1914=EDGE_CURVE('',#2247,#2188,#2342,.F.);
#1915=EDGE_CURVE('',#2244,#2248,#332,.T.);
#1916=EDGE_CURVE('',#2188,#2248,#333,.T.);
#1917=EDGE_CURVE('',#2249,#2122,#334,.F.);
#1918=EDGE_CURVE('',#2103,#2249,#335,.F.);
#1919=EDGE_CURVE('',#2201,#2250,#336,.T.);
#1920=EDGE_CURVE('',#2251,#2250,#337,.T.);
#1921=EDGE_CURVE('',#2202,#2251,#338,.T.);
#1922=EDGE_CURVE('',#2251,#2252,#339,.F.);
#1923=EDGE_CURVE('',#2252,#2241,#340,.F.);
#1924=EDGE_CURVE('',#2253,#2239,#341,.F.);
#1925=EDGE_CURVE('',#2254,#2253,#342,.F.);
#1926=EDGE_CURVE('',#2210,#2254,#343,.T.);
#1927=EDGE_CURVE('',#2255,#2254,#344,.T.);
#1928=EDGE_CURVE('',#2211,#2255,#345,.T.);
#1929=EDGE_CURVE('',#2255,#2256,#346,.F.);
#1930=EDGE_CURVE('',#2256,#2240,#347,.F.);
#1931=EDGE_CURVE('',#2257,#2237,#348,.F.);
#1932=EDGE_CURVE('',#2258,#2257,#349,.F.);
#1933=EDGE_CURVE('',#2220,#2258,#350,.T.);
#1934=EDGE_CURVE('',#2259,#2258,#351,.T.);
#1935=EDGE_CURVE('',#2221,#2259,#352,.T.);
#1936=EDGE_CURVE('',#2259,#2260,#353,.F.);
#1937=EDGE_CURVE('',#2260,#2238,#354,.F.);
#1938=EDGE_CURVE('',#2227,#2079,#835,.T.);
#1939=EDGE_CURVE('',#2228,#2078,#836,.T.);
#1940=EDGE_CURVE('',#2073,#2080,#355,.T.);
#1941=EDGE_CURVE('',#2235,#2261,#837,.T.);
#1942=EDGE_CURVE('',#2236,#2262,#838,.T.);
#1943=EDGE_CURVE('',#2261,#2262,#356,.T.);
#1944=EDGE_CURVE('',#2261,#2263,#357,.T.);
#1945=EDGE_CURVE('',#2231,#2263,#358,.T.);
#1946=EDGE_CURVE('',#2264,#2231,#2343,.F.);
#1947=EDGE_CURVE('',#2264,#2265,#359,.T.);
#1948=EDGE_CURVE('',#2265,#2232,#2344,.F.);
#1949=EDGE_CURVE('',#2262,#2266,#360,.T.);
#1950=EDGE_CURVE('',#2232,#2266,#361,.T.);
#1951=EDGE_CURVE('',#2242,#2267,#362,.F.);
#1952=EDGE_CURVE('',#2253,#2252,#363,.F.);
#1953=EDGE_CURVE('',#2257,#2256,#364,.F.);
#1954=EDGE_CURVE('',#2249,#2260,#365,.F.);
#1955=EDGE_CURVE('',#2121,#2100,#366,.T.);
#1956=EDGE_CURVE('',#2268,#2123,#367,.F.);
#1957=EDGE_CURVE('',#2269,#2268,#368,.T.);
#1958=EDGE_CURVE('',#2269,#2270,#369,.F.);
#1959=EDGE_CURVE('',#2270,#2271,#370,.T.);
#1960=EDGE_CURVE('',#2267,#2271,#371,.F.);
#1961=EDGE_CURVE('',#2245,#2272,#372,.T.);
#1962=EDGE_CURVE('',#2246,#2272,#373,.T.);
#1963=EDGE_CURVE('',#2248,#2273,#374,.T.);
#1964=EDGE_CURVE('',#2274,#2273,#375,.T.);
#1965=EDGE_CURVE('',#2275,#2274,#376,.T.);
#1966=EDGE_CURVE('',#2275,#2272,#377,.T.);
#1967=EDGE_CURVE('',#2276,#2274,#839,.T.);
#1968=EDGE_CURVE('',#2277,#2276,#378,.T.);
#1969=EDGE_CURVE('',#2277,#2275,#840,.T.);
#1970=EDGE_CURVE('',#2278,#2279,#841,.T.);
#1971=EDGE_CURVE('',#2280,#2278,#379,.T.);
#1972=EDGE_CURVE('',#2280,#2281,#842,.T.);
#1973=EDGE_CURVE('',#2281,#2279,#380,.T.);
#1974=EDGE_CURVE('',#2247,#2278,#381,.T.);
#1975=EDGE_CURVE('',#2246,#2280,#382,.T.);
#1976=EDGE_CURVE('',#2247,#2273,#383,.T.);
#1977=EDGE_CURVE('',#2250,#2267,#384,.F.);
#1978=EDGE_CURVE('',#2282,#2271,#385,.T.);
#1979=EDGE_CURVE('',#2283,#2282,#386,.F.);
#1980=EDGE_CURVE('',#2283,#2268,#387,.T.);
#1981=EDGE_CURVE('',#2072,#2081,#388,.T.);
#1982=EDGE_CURVE('',#2263,#2284,#389,.T.);
#1983=EDGE_CURVE('',#2264,#2284,#390,.T.);
#1984=EDGE_CURVE('',#2266,#2285,#391,.T.);
#1985=EDGE_CURVE('',#2286,#2285,#392,.T.);
#1986=EDGE_CURVE('',#2287,#2286,#393,.T.);
#1987=EDGE_CURVE('',#2287,#2284,#394,.T.);
#1988=EDGE_CURVE('',#2288,#2286,#843,.T.);
#1989=EDGE_CURVE('',#2289,#2288,#395,.T.);
#1990=EDGE_CURVE('',#2289,#2287,#844,.T.);
#1991=EDGE_CURVE('',#2290,#2291,#845,.T.);
#1992=EDGE_CURVE('',#2292,#2290,#396,.T.);
#1993=EDGE_CURVE('',#2292,#2293,#846,.T.);
#1994=EDGE_CURVE('',#2293,#2291,#397,.T.);
#1995=EDGE_CURVE('',#2265,#2290,#398,.T.);
#1996=EDGE_CURVE('',#2264,#2292,#399,.T.);
#1997=EDGE_CURVE('',#2265,#2285,#400,.T.);
#1998=EDGE_CURVE('',#2294,#2288,#401,.T.);
#1999=EDGE_CURVE('',#2295,#2294,#402,.T.);
#2000=EDGE_CURVE('',#2295,#2289,#403,.T.);
#2001=EDGE_CURVE('',#2296,#2268,#404,.F.);
#2002=EDGE_CURVE('',#2297,#2296,#405,.T.);
#2003=EDGE_CURVE('',#2297,#2269,#406,.F.);
#2004=EDGE_CURVE('',#2298,#2297,#407,.F.);
#2005=EDGE_CURVE('',#2270,#2298,#408,.F.);
#2006=EDGE_CURVE('',#2271,#2299,#409,.F.);
#2007=EDGE_CURVE('',#2298,#2299,#410,.T.);
#2008=EDGE_CURVE('',#2300,#2276,#411,.T.);
#2009=EDGE_CURVE('',#2301,#2300,#412,.T.);
#2010=EDGE_CURVE('',#2301,#2277,#413,.T.);
#2011=EDGE_CURVE('',#2302,#2301,#414,.F.);
#2012=EDGE_CURVE('',#2303,#2302,#415,.F.);
#2013=EDGE_CURVE('',#2281,#2303,#416,.T.);
#2014=EDGE_CURVE('',#2279,#2304,#417,.T.);
#2015=EDGE_CURVE('',#2303,#2304,#418,.T.);
#2016=EDGE_CURVE('',#2304,#2305,#419,.F.);
#2017=EDGE_CURVE('',#2305,#2300,#420,.F.);
#2018=EDGE_CURVE('',#2306,#2299,#421,.T.);
#2019=EDGE_CURVE('',#2282,#2306,#422,.F.);
#2020=EDGE_CURVE('',#2307,#2307,#847,.T.);
#2021=EDGE_CURVE('',#2306,#2308,#423,.F.);
#2022=EDGE_CURVE('',#2308,#2283,#424,.F.);
#2023=EDGE_CURVE('',#2308,#2296,#425,.T.);
#2024=EDGE_CURVE('',#2086,#2309,#426,.T.);
#2025=EDGE_CURVE('',#2309,#2310,#427,.T.);
#2026=EDGE_CURVE('',#2087,#2310,#428,.T.);
#2027=EDGE_CURVE('',#2310,#2311,#429,.F.);
#2028=EDGE_CURVE('',#2311,#2089,#430,.F.);
#2029=EDGE_CURVE('',#2312,#2295,#431,.F.);
#2030=EDGE_CURVE('',#2313,#2312,#432,.F.);
#2031=EDGE_CURVE('',#2293,#2313,#433,.T.);
#2032=EDGE_CURVE('',#2291,#2314,#434,.T.);
#2033=EDGE_CURVE('',#2313,#2314,#435,.T.);
#2034=EDGE_CURVE('',#2314,#2315,#436,.F.);
#2035=EDGE_CURVE('',#2315,#2294,#437,.F.);
#2036=EDGE_CURVE('',#2094,#2316,#848,.T.);
#2037=EDGE_CURVE('',#2128,#2095,#438,.T.);
#2038=EDGE_CURVE('',#2131,#2316,#439,.T.);
#2039=EDGE_CURVE('',#2134,#2127,#440,.T.);
#2040=EDGE_CURVE('',#2135,#2126,#441,.T.);
#2041=EDGE_CURVE('',#2132,#2125,#442,.T.);
#2042=EDGE_CURVE('',#2133,#2124,#443,.T.);
#2043=EDGE_CURVE('',#2317,#2096,#444,.T.);
#2044=EDGE_CURVE('',#2318,#2317,#445,.T.);
#2045=EDGE_CURVE('',#2318,#2130,#446,.T.);
#2046=EDGE_CURVE('',#2319,#2317,#849,.T.);
#2047=EDGE_CURVE('',#2320,#2319,#447,.T.);
#2048=EDGE_CURVE('',#2320,#2318,#850,.T.);
#2049=EDGE_CURVE('',#2321,#2319,#448,.T.);
#2050=EDGE_CURVE('',#2322,#2321,#449,.T.);
#2051=EDGE_CURVE('',#2322,#2320,#450,.T.);
#2052=EDGE_CURVE('',#2088,#2323,#451,.T.);
#2053=EDGE_CURVE('',#2312,#2311,#452,.F.);
#2054=EDGE_CURVE('',#2302,#2315,#453,.F.);
#2055=EDGE_CURVE('',#2324,#2305,#454,.F.);
#2056=EDGE_CURVE('',#2324,#2322,#455,.F.);
#2057=EDGE_CURVE('',#2321,#2325,#456,.F.);
#2058=EDGE_CURVE('',#2299,#2325,#457,.F.);
#2059=EDGE_CURVE('',#2323,#2296,#458,.F.);
#2060=EDGE_CURVE('',#2309,#2323,#459,.T.);
#2061=EDGE_CURVE('',#2091,#2325,#460,.F.);
#2062=EDGE_CURVE('',#2090,#2324,#461,.F.);
#2063=EDGE_CURVE('',#2326,#2092,#851,.F.);
#2064=EDGE_CURVE('',#2327,#2326,#462,.T.);
#2065=EDGE_CURVE('',#2327,#2093,#852,.T.);
#2066=EDGE_CURVE('',#2316,#2326,#463,.T.);
#2067=EDGE_CURVE('',#2131,#2327,#464,.T.);
#2068=EDGE_CURVE('',#2328,#2328,#853,.T.);
#2069=VERTEX_POINT('',#4879);
#2070=VERTEX_POINT('',#4880);
#2071=VERTEX_POINT('',#4882);
#2072=VERTEX_POINT('',#4884);
#2073=VERTEX_POINT('',#4886);
#2074=VERTEX_POINT('',#4890);
#2075=VERTEX_POINT('',#4892);
#2076=VERTEX_POINT('',#4896);
#2077=VERTEX_POINT('',#4897);
#2078=VERTEX_POINT('',#4900);
#2079=VERTEX_POINT('',#4902);
#2080=VERTEX_POINT('',#4904);
#2081=VERTEX_POINT('',#4906);
#2082=VERTEX_POINT('',#4910);
#2083=VERTEX_POINT('',#4911);
#2084=VERTEX_POINT('',#4916);
#2085=VERTEX_POINT('',#4917);
#2086=VERTEX_POINT('',#4919);
#2087=VERTEX_POINT('',#4921);
#2088=VERTEX_POINT('',#4928);
#2089=VERTEX_POINT('',#4929);
#2090=VERTEX_POINT('',#4934);
#2091=VERTEX_POINT('',#4935);
#2092=VERTEX_POINT('',#4937);
#2093=VERTEX_POINT('',#4939);
#2094=VERTEX_POINT('',#4943);
#2095=VERTEX_POINT('',#4944);
#2096=VERTEX_POINT('',#4946);
#2097=VERTEX_POINT('',#4948);
#2098=VERTEX_POINT('',#4952);
#2099=VERTEX_POINT('',#4953);
#2100=VERTEX_POINT('',#4955);
#2101=VERTEX_POINT('',#4957);
#2102=VERTEX_POINT('',#4959);
#2103=VERTEX_POINT('',#4961);
#2104=VERTEX_POINT('',#4965);
#2105=VERTEX_POINT('',#4966);
#2106=VERTEX_POINT('',#4968);
#2107=VERTEX_POINT('',#4970);
#2108=VERTEX_POINT('',#4972);
#2109=VERTEX_POINT('',#4976);
#2110=VERTEX_POINT('',#4977);
#2111=VERTEX_POINT('',#4979);
#2112=VERTEX_POINT('',#4981);
#2113=VERTEX_POINT('',#4983);
#2114=VERTEX_POINT('',#4985);
#2115=VERTEX_POINT('',#4987);
#2116=VERTEX_POINT('',#4989);
#2117=VERTEX_POINT('',#4993);
#2118=VERTEX_POINT('',#4995);
#2119=VERTEX_POINT('',#4999);
#2120=VERTEX_POINT('',#5001);
#2121=VERTEX_POINT('',#5011);
#2122=VERTEX_POINT('',#5013);
#2123=VERTEX_POINT('',#5017);
#2124=VERTEX_POINT('',#5021);
#2125=VERTEX_POINT('',#5023);
#2126=VERTEX_POINT('',#5025);
#2127=VERTEX_POINT('',#5027);
#2128=VERTEX_POINT('',#5031);
#2129=VERTEX_POINT('',#5032);
#2130=VERTEX_POINT('',#5034);
#2131=VERTEX_POINT('',#5036);
#2132=VERTEX_POINT('',#5040);
#2133=VERTEX_POINT('',#5041);
#2134=VERTEX_POINT('',#5044);
#2135=VERTEX_POINT('',#5046);
#2136=VERTEX_POINT('',#5050);
#2137=VERTEX_POINT('',#5052);
#2138=VERTEX_POINT('',#5056);
#2139=VERTEX_POINT('',#5058);
#2140=VERTEX_POINT('',#5062);
#2141=VERTEX_POINT('',#5064);
#2142=VERTEX_POINT('',#5068);
#2143=VERTEX_POINT('',#5069);
#2144=VERTEX_POINT('',#5071);
#2145=VERTEX_POINT('',#5073);
#2146=VERTEX_POINT('',#5077);
#2147=VERTEX_POINT('',#5079);
#2148=VERTEX_POINT('',#5083);
#2149=VERTEX_POINT('',#5085);
#2150=VERTEX_POINT('',#5089);
#2151=VERTEX_POINT('',#5090);
#2152=VERTEX_POINT('',#5092);
#2153=VERTEX_POINT('',#5094);
#2154=VERTEX_POINT('',#5098);
#2155=VERTEX_POINT('',#5100);
#2156=VERTEX_POINT('',#5104);
#2157=VERTEX_POINT('',#5106);
#2158=VERTEX_POINT('',#5110);
#2159=VERTEX_POINT('',#5111);
#2160=VERTEX_POINT('',#5113);
#2161=VERTEX_POINT('',#5115);
#2162=VERTEX_POINT('',#5119);
#2163=VERTEX_POINT('',#5121);
#2164=VERTEX_POINT('',#5125);
#2165=VERTEX_POINT('',#5127);
#2166=VERTEX_POINT('',#5137);
#2167=VERTEX_POINT('',#5138);
#2168=VERTEX_POINT('',#5143);
#2169=VERTEX_POINT('',#5147);
#2170=VERTEX_POINT('',#5149);
#2171=VERTEX_POINT('',#5151);
#2172=VERTEX_POINT('',#5155);
#2173=VERTEX_POINT('',#5159);
#2174=VERTEX_POINT('',#5160);
#2175=VERTEX_POINT('',#5165);
#2176=VERTEX_POINT('',#5169);
#2177=VERTEX_POINT('',#5170);
#2178=VERTEX_POINT('',#5175);
#2179=VERTEX_POINT('',#5179);
#2180=VERTEX_POINT('',#5180);
#2181=VERTEX_POINT('',#5185);
#2182=VERTEX_POINT('',#5189);
#2183=VERTEX_POINT('',#5190);
#2184=VERTEX_POINT('',#5195);
#2185=VERTEX_POINT('',#5199);
#2186=VERTEX_POINT('',#5200);
#2187=VERTEX_POINT('',#5202);
#2188=VERTEX_POINT('',#5204);
#2189=VERTEX_POINT('',#5208);
#2190=VERTEX_POINT('',#5210);
#2191=VERTEX_POINT('',#5214);
#2192=VERTEX_POINT('',#5216);
#2193=VERTEX_POINT('',#5222);
#2194=VERTEX_POINT('',#5226);
#2195=VERTEX_POINT('',#5227);
#2196=VERTEX_POINT('',#5230);
#2197=VERTEX_POINT('',#5234);
#2198=VERTEX_POINT('',#5235);
#2199=VERTEX_POINT('',#5240);
#2200=VERTEX_POINT('',#5241);
#2201=VERTEX_POINT('',#5243);
#2202=VERTEX_POINT('',#5245);
#2203=VERTEX_POINT('',#5254);
#2204=VERTEX_POINT('',#5258);
#2205=VERTEX_POINT('',#5260);
#2206=VERTEX_POINT('',#5262);
#2207=VERTEX_POINT('',#5266);
#2208=VERTEX_POINT('',#5268);
#2209=VERTEX_POINT('',#5272);
#2210=VERTEX_POINT('',#5273);
#2211=VERTEX_POINT('',#5275);
#2212=VERTEX_POINT('',#5277);
#2213=VERTEX_POINT('',#5286);
#2214=VERTEX_POINT('',#5290);
#2215=VERTEX_POINT('',#5292);
#2216=VERTEX_POINT('',#5294);
#2217=VERTEX_POINT('',#5298);
#2218=VERTEX_POINT('',#5300);
#2219=VERTEX_POINT('',#5304);
#2220=VERTEX_POINT('',#5305);
#2221=VERTEX_POINT('',#5307);
#2222=VERTEX_POINT('',#5309);
#2223=VERTEX_POINT('',#5318);
#2224=VERTEX_POINT('',#5320);
#2225=VERTEX_POINT('',#5324);
#2226=VERTEX_POINT('',#5326);
#2227=VERTEX_POINT('',#5330);
#2228=VERTEX_POINT('',#5332);
#2229=VERTEX_POINT('',#5336);
#2230=VERTEX_POINT('',#5337);
#2231=VERTEX_POINT('',#5339);
#2232=VERTEX_POINT('',#5341);
#2233=VERTEX_POINT('',#5345);
#2234=VERTEX_POINT('',#5347);
#2235=VERTEX_POINT('',#5351);
#2236=VERTEX_POINT('',#5353);
#2237=VERTEX_POINT('',#5357);
#2238=VERTEX_POINT('',#5359);
#2239=VERTEX_POINT('',#5363);
#2240=VERTEX_POINT('',#5365);
#2241=VERTEX_POINT('',#5369);
#2242=VERTEX_POINT('',#5370);
#2243=VERTEX_POINT('',#5375);
#2244=VERTEX_POINT('',#5377);
#2245=VERTEX_POINT('',#5381);
#2246=VERTEX_POINT('',#5385);
#2247=VERTEX_POINT('',#5387);
#2248=VERTEX_POINT('',#5391);
#2249=VERTEX_POINT('',#5395);
#2250=VERTEX_POINT('',#5399);
#2251=VERTEX_POINT('',#5401);
#2252=VERTEX_POINT('',#5405);
#2253=VERTEX_POINT('',#5409);
#2254=VERTEX_POINT('',#5411);
#2255=VERTEX_POINT('',#5415);
#2256=VERTEX_POINT('',#5419);
#2257=VERTEX_POINT('',#5423);
#2258=VERTEX_POINT('',#5425);
#2259=VERTEX_POINT('',#5429);
#2260=VERTEX_POINT('',#5433);
#2261=VERTEX_POINT('',#5443);
#2262=VERTEX_POINT('',#5445);
#2263=VERTEX_POINT('',#5449);
#2264=VERTEX_POINT('',#5453);
#2265=VERTEX_POINT('',#5455);
#2266=VERTEX_POINT('',#5459);
#2267=VERTEX_POINT('',#5463);
#2268=VERTEX_POINT('',#5469);
#2269=VERTEX_POINT('',#5471);
#2270=VERTEX_POINT('',#5473);
#2271=VERTEX_POINT('',#5475);
#2272=VERTEX_POINT('',#5479);
#2273=VERTEX_POINT('',#5483);
#2274=VERTEX_POINT('',#5485);
#2275=VERTEX_POINT('',#5487);
#2276=VERTEX_POINT('',#5491);
#2277=VERTEX_POINT('',#5493);
#2278=VERTEX_POINT('',#5497);
#2279=VERTEX_POINT('',#5498);
#2280=VERTEX_POINT('',#5500);
#2281=VERTEX_POINT('',#5502);
#2282=VERTEX_POINT('',#5512);
#2283=VERTEX_POINT('',#5514);
#2284=VERTEX_POINT('',#5520);
#2285=VERTEX_POINT('',#5524);
#2286=VERTEX_POINT('',#5526);
#2287=VERTEX_POINT('',#5528);
#2288=VERTEX_POINT('',#5532);
#2289=VERTEX_POINT('',#5534);
#2290=VERTEX_POINT('',#5538);
#2291=VERTEX_POINT('',#5539);
#2292=VERTEX_POINT('',#5541);
#2293=VERTEX_POINT('',#5543);
#2294=VERTEX_POINT('',#5552);
#2295=VERTEX_POINT('',#5554);
#2296=VERTEX_POINT('',#5558);
#2297=VERTEX_POINT('',#5560);
#2298=VERTEX_POINT('',#5564);
#2299=VERTEX_POINT('',#5568);
#2300=VERTEX_POINT('',#5572);
#2301=VERTEX_POINT('',#5574);
#2302=VERTEX_POINT('',#5578);
#2303=VERTEX_POINT('',#5580);
#2304=VERTEX_POINT('',#5584);
#2305=VERTEX_POINT('',#5588);
#2306=VERTEX_POINT('',#5592);
#2307=VERTEX_POINT('',#5596);
#2308=VERTEX_POINT('',#5598);
#2309=VERTEX_POINT('',#5604);
#2310=VERTEX_POINT('',#5606);
#2311=VERTEX_POINT('',#5610);
#2312=VERTEX_POINT('',#5614);
#2313=VERTEX_POINT('',#5616);
#2314=VERTEX_POINT('',#5620);
#2315=VERTEX_POINT('',#5624);
#2316=VERTEX_POINT('',#5628);
#2317=VERTEX_POINT('',#5641);
#2318=VERTEX_POINT('',#5643);
#2319=VERTEX_POINT('',#5647);
#2320=VERTEX_POINT('',#5649);
#2321=VERTEX_POINT('',#5653);
#2322=VERTEX_POINT('',#5655);
#2323=VERTEX_POINT('',#5659);
#2324=VERTEX_POINT('',#5663);
#2325=VERTEX_POINT('',#5666);
#2326=VERTEX_POINT('',#5675);
#2327=VERTEX_POINT('',#5677);
#2328=VERTEX_POINT('',#5689);
#2329=ELLIPSE('',#3880,0.806136808385676,0.2);
#2330=ELLIPSE('',#3882,0.806136808385676,0.2);
#2331=ELLIPSE('',#3895,0.806136808385676,0.2);
#2332=ELLIPSE('',#3899,0.806136808385676,0.2);
#2333=ELLIPSE('',#3900,0.806136808385676,0.2);
#2334=ELLIPSE('',#3915,0.806136808385676,0.2);
#2335=ELLIPSE('',#3940,0.806136808385676,0.2);
#2336=ELLIPSE('',#3942,0.806136808385676,0.2);
#2337=ELLIPSE('',#3949,0.806136808385676,0.2);
#2338=ELLIPSE('',#3950,0.806136808385676,0.2);
#2339=ELLIPSE('',#3957,0.806136808385676,0.2);
#2340=ELLIPSE('',#3958,0.806136808385676,0.2);
#2341=ELLIPSE('',#4008,0.806136808385676,0.2);
#2342=ELLIPSE('',#4009,0.806136808385676,0.2);
#2343=ELLIPSE('',#4030,0.806136808385676,0.2);
#2344=ELLIPSE('',#4031,0.806136808385676,0.2);
#2345=EDGE_LOOP('',(#854,#855,#856,#857,#858));
#2346=EDGE_LOOP('',(#859,#860,#861,#862));
#2347=EDGE_LOOP('',(#863,#864,#865,#866,#867,#868,#869,#870));
#2348=EDGE_LOOP('',(#871,#872,#873,#874));
#2349=EDGE_LOOP('',(#875,#876,#877,#878));
#2350=EDGE_LOOP('',(#879,#880,#881,#882));
#2351=EDGE_LOOP('',(#883,#884,#885,#886));
#2352=EDGE_LOOP('',(#887,#888,#889,#890));
#2353=EDGE_LOOP('',(#891,#892,#893,#894));
#2354=EDGE_LOOP('',(#895,#896,#897,#898,#899,#900));
#2355=EDGE_LOOP('',(#901,#902,#903,#904,#905));
#2356=EDGE_LOOP('',(#906,#907,#908,#909,#910,#911,#912,#913));
#2357=EDGE_LOOP('',(#914,#915,#916,#917));
#2358=EDGE_LOOP('',(#918,#919,#920,#921));
#2359=EDGE_LOOP('',(#922,#923,#924,#925));
#2360=EDGE_LOOP('',(#926,#927,#928,#929));
#2361=EDGE_LOOP('',(#930,#931,#932,#933));
#2362=EDGE_LOOP('',(#934,#935,#936));
#2363=EDGE_LOOP('',(#937,#938,#939,#940,#941,#942));
#2364=EDGE_LOOP('',(#943,#944,#945,#946));
#2365=EDGE_LOOP('',(#947,#948,#949,#950,#951,#952));
#2366=EDGE_LOOP('',(#953,#954,#955,#956));
#2367=EDGE_LOOP('',(#957,#958,#959,#960));
#2368=EDGE_LOOP('',(#961,#962,#963,#964));
#2369=EDGE_LOOP('',(#965,#966,#967,#968));
#2370=EDGE_LOOP('',(#969,#970,#971,#972));
#2371=EDGE_LOOP('',(#973,#974,#975,#976));
#2372=EDGE_LOOP('',(#977,#978,#979,#980));
#2373=EDGE_LOOP('',(#981,#982,#983,#984));
#2374=EDGE_LOOP('',(#985,#986,#987,#988));
#2375=EDGE_LOOP('',(#989,#990,#991,#992));
#2376=EDGE_LOOP('',(#993,#994,#995,#996));
#2377=EDGE_LOOP('',(#997,#998,#999,#1000));
#2378=EDGE_LOOP('',(#1001,#1002,#1003,#1004));
#2379=EDGE_LOOP('',(#1005,#1006,#1007,#1008,#1009,#1010));
#2380=EDGE_LOOP('',(#1011,#1012,#1013,#1014,#1015,#1016));
#2381=EDGE_LOOP('',(#1017,#1018,#1019,#1020,#1021,#1022));
#2382=EDGE_LOOP('',(#1023,#1024,#1025,#1026));
#2383=EDGE_LOOP('',(#1027,#1028,#1029,#1030,#1031));
#2384=EDGE_LOOP('',(#1032,#1033,#1034,#1035,#1036,#1037));
#2385=EDGE_LOOP('',(#1038,#1039,#1040,#1041,#1042,#1043));
#2386=EDGE_LOOP('',(#1044,#1045,#1046,#1047));
#2387=EDGE_LOOP('',(#1048,#1049,#1050,#1051));
#2388=EDGE_LOOP('',(#1052,#1053,#1054,#1055,#1056,#1057));
#2389=EDGE_LOOP('',(#1058,#1059,#1060,#1061,#1062,#1063));
#2390=EDGE_LOOP('',(#1064,#1065,#1066,#1067));
#2391=EDGE_LOOP('',(#1068,#1069,#1070,#1071));
#2392=EDGE_LOOP('',(#1072,#1073,#1074,#1075,#1076,#1077));
#2393=EDGE_LOOP('',(#1078,#1079,#1080,#1081));
#2394=EDGE_LOOP('',(#1082,#1083,#1084,#1085));
#2395=EDGE_LOOP('',(#1086,#1087,#1088,#1089));
#2396=EDGE_LOOP('',(#1090,#1091,#1092,#1093));
#2397=EDGE_LOOP('',(#1094,#1095,#1096,#1097));
#2398=EDGE_LOOP('',(#1098,#1099,#1100,#1101,#1102,#1103,#1104,#1105));
#2399=EDGE_LOOP('',(#1106,#1107,#1108,#1109));
#2400=EDGE_LOOP('',(#1110,#1111,#1112,#1113));
#2401=EDGE_LOOP('',(#1114,#1115,#1116,#1117));
#2402=EDGE_LOOP('',(#1118,#1119,#1120,#1121));
#2403=EDGE_LOOP('',(#1122,#1123,#1124,#1125));
#2404=EDGE_LOOP('',(#1126,#1127,#1128,#1129,#1130,#1131,#1132,#1133));
#2405=EDGE_LOOP('',(#1134,#1135,#1136,#1137));
#2406=EDGE_LOOP('',(#1138,#1139,#1140,#1141));
#2407=EDGE_LOOP('',(#1142,#1143,#1144,#1145));
#2408=EDGE_LOOP('',(#1146,#1147,#1148,#1149));
#2409=EDGE_LOOP('',(#1150,#1151,#1152,#1153));
#2410=EDGE_LOOP('',(#1154,#1155,#1156,#1157,#1158,#1159,#1160,#1161));
#2411=EDGE_LOOP('',(#1162,#1163,#1164,#1165));
#2412=EDGE_LOOP('',(#1166,#1167,#1168,#1169));
#2413=EDGE_LOOP('',(#1170,#1171,#1172,#1173));
#2414=EDGE_LOOP('',(#1174,#1175,#1176,#1177));
#2415=EDGE_LOOP('',(#1178,#1179,#1180,#1181));
#2416=EDGE_LOOP('',(#1182,#1183,#1184,#1185));
#2417=EDGE_LOOP('',(#1186,#1187,#1188,#1189));
#2418=EDGE_LOOP('',(#1190,#1191,#1192,#1193));
#2419=EDGE_LOOP('',(#1194,#1195,#1196,#1197));
#2420=EDGE_LOOP('',(#1198,#1199,#1200,#1201));
#2421=EDGE_LOOP('',(#1202,#1203,#1204,#1205));
#2422=EDGE_LOOP('',(#1206,#1207,#1208,#1209));
#2423=EDGE_LOOP('',(#1210,#1211,#1212,#1213));
#2424=EDGE_LOOP('',(#1214,#1215,#1216,#1217));
#2425=EDGE_LOOP('',(#1218,#1219,#1220,#1221,#1222,#1223));
#2426=EDGE_LOOP('',(#1224,#1225,#1226,#1227));
#2427=EDGE_LOOP('',(#1228,#1229,#1230,#1231,#1232,#1233));
#2428=EDGE_LOOP('',(#1234,#1235,#1236,#1237,#1238,#1239,#1240,#1241,#1242));
#2429=EDGE_LOOP('',(#1243,#1244,#1245,#1246));
#2430=EDGE_LOOP('',(#1247,#1248,#1249,#1250,#1251,#1252,#1253,#1254,#1255));
#2431=EDGE_LOOP('',(#1256,#1257,#1258,#1259,#1260,#1261,#1262,#1263,#1264));
#2432=EDGE_LOOP('',(#1265,#1266,#1267,#1268));
#2433=EDGE_LOOP('',(#1269,#1270,#1271,#1272,#1273,#1274,#1275,#1276,#1277));
#2434=EDGE_LOOP('',(#1278,#1279,#1280,#1281,#1282,#1283,#1284,#1285,#1286));
#2435=EDGE_LOOP('',(#1287,#1288,#1289,#1290));
#2436=EDGE_LOOP('',(#1291,#1292,#1293,#1294,#1295,#1296,#1297,#1298,#1299));
#2437=EDGE_LOOP('',(#1300,#1301,#1302,#1303));
#2438=EDGE_LOOP('',(#1304,#1305,#1306,#1307,#1308,#1309));
#2439=EDGE_LOOP('',(#1310,#1311,#1312,#1313,#1314,#1315));
#2440=EDGE_LOOP('',(#1316,#1317,#1318,#1319));
#2441=EDGE_LOOP('',(#1320,#1321,#1322,#1323,#1324,#1325));
#2442=EDGE_LOOP('',(#1326,#1327,#1328,#1329));
#2443=EDGE_LOOP('',(#1330,#1331,#1332,#1333,#1334,#1335));
#2444=EDGE_LOOP('',(#1336,#1337,#1338,#1339,#1340,#1341,#1342,#1343,#1344,
#1345,#1346,#1347,#1348,#1349,#1350,#1351,#1352,#1353,#1354,#1355,#1356,
#1357));
#2445=EDGE_LOOP('',(#1358,#1359,#1360,#1361));
#2446=EDGE_LOOP('',(#1362,#1363,#1364,#1365,#1366,#1367,#1368,#1369));
#2447=EDGE_LOOP('',(#1370,#1371,#1372,#1373));
#2448=EDGE_LOOP('',(#1374,#1375,#1376,#1377));
#2449=EDGE_LOOP('',(#1378,#1379,#1380,#1381));
#2450=EDGE_LOOP('',(#1382,#1383,#1384,#1385));
#2451=EDGE_LOOP('',(#1386,#1387,#1388,#1389,#1390,#1391,#1392,#1393,#1394,
#1395,#1396,#1397,#1398,#1399,#1400,#1401,#1402,#1403,#1404,#1405));
#2452=EDGE_LOOP('',(#1406,#1407,#1408,#1409));
#2453=EDGE_LOOP('',(#1410,#1411,#1412,#1413));
#2454=EDGE_LOOP('',(#1414,#1415,#1416,#1417,#1418,#1419,#1420,#1421));
#2455=EDGE_LOOP('',(#1422,#1423,#1424,#1425));
#2456=EDGE_LOOP('',(#1426,#1427,#1428,#1429));
#2457=EDGE_LOOP('',(#1430,#1431,#1432,#1433));
#2458=EDGE_LOOP('',(#1434,#1435,#1436,#1437));
#2459=EDGE_LOOP('',(#1438,#1439,#1440,#1441));
#2460=EDGE_LOOP('',(#1442,#1443,#1444,#1445));
#2461=EDGE_LOOP('',(#1446,#1447,#1448,#1449));
#2462=EDGE_LOOP('',(#1450,#1451,#1452,#1453));
#2463=EDGE_LOOP('',(#1454,#1455,#1456,#1457));
#2464=EDGE_LOOP('',(#1458,#1459,#1460,#1461,#1462,#1463,#1464,#1465,#1466));
#2465=EDGE_LOOP('',(#1467,#1468,#1469,#1470));
#2466=EDGE_LOOP('',(#1471,#1472,#1473,#1474,#1475,#1476,#1477,#1478,#1479));
#2467=EDGE_LOOP('',(#1480,#1481,#1482,#1483));
#2468=EDGE_LOOP('',(#1484));
#2469=EDGE_LOOP('',(#1485,#1486,#1487,#1488));
#2470=EDGE_LOOP('',(#1489,#1490,#1491,#1492));
#2471=EDGE_LOOP('',(#1493,#1494,#1495,#1496));
#2472=EDGE_LOOP('',(#1497,#1498,#1499,#1500,#1501,#1502,#1503,#1504,#1505));
#2473=EDGE_LOOP('',(#1506,#1507,#1508,#1509,#1510,#1511,#1512,#1513,#1514));
#2474=EDGE_LOOP('',(#1515,#1516,#1517,#1518));
#2475=EDGE_LOOP('',(#1519,#1520,#1521,#1522,#1523,#1524,#1525,#1526,#1527));
#2476=EDGE_LOOP('',(#1528,#1529,#1530,#1531,#1532));
#2477=EDGE_LOOP('',(#1533,#1534,#1535,#1536));
#2478=EDGE_LOOP('',(#1537,#1538,#1539,#1540));
#2479=EDGE_LOOP('',(#1541,#1542,#1543,#1544));
#2480=EDGE_LOOP('',(#1545,#1546,#1547,#1548));
#2481=EDGE_LOOP('',(#1549,#1550,#1551,#1552,#1553,#1554,#1555,#1556));
#2482=EDGE_LOOP('',(#1557,#1558,#1559,#1560));
#2483=EDGE_LOOP('',(#1561,#1562,#1563,#1564));
#2484=EDGE_LOOP('',(#1565,#1566,#1567,#1568,#1569,#1570,#1571,#1572,#1573,
#1574,#1575,#1576,#1577,#1578,#1579,#1580,#1581,#1582,#1583,#1584));
#2485=EDGE_LOOP('',(#1585,#1586,#1587,#1588,#1589,#1590,#1591,#1592,#1593,
#1594,#1595,#1596,#1597,#1598,#1599,#1600,#1601,#1602,#1603,#1604));
#2486=EDGE_LOOP('',(#1605,#1606,#1607,#1608));
#2487=EDGE_LOOP('',(#1609,#1610,#1611,#1612));
#2488=EDGE_LOOP('',(#1613,#1614,#1615,#1616,#1617,#1618,#1619,#1620,#1621));
#2489=EDGE_LOOP('',(#1622,#1623,#1624,#1625,#1626,#1627,#1628,#1629,#1630));
#2490=EDGE_LOOP('',(#1631,#1632,#1633,#1634,#1635,#1636,#1637,#1638,#1639,
#1640));
#2491=EDGE_LOOP('',(#1641,#1642,#1643,#1644,#1645,#1646,#1647,#1648,#1649,
#1650));
#2492=EDGE_LOOP('',(#1651,#1652,#1653,#1654,#1655,#1656,#1657,#1658,#1659,
#1660));
#2493=EDGE_LOOP('',(#1661));
#2494=EDGE_LOOP('',(#1662));
#2495=EDGE_LOOP('',(#1663));
#2496=FACE_BOUND('',#2345,.T.);
#2497=FACE_BOUND('',#2346,.T.);
#2498=FACE_BOUND('',#2347,.T.);
#2499=FACE_BOUND('',#2348,.T.);
#2500=FACE_BOUND('',#2349,.T.);
#2501=FACE_BOUND('',#2350,.T.);
#2502=FACE_BOUND('',#2351,.T.);
#2503=FACE_BOUND('',#2352,.T.);
#2504=FACE_BOUND('',#2353,.T.);
#2505=FACE_BOUND('',#2354,.T.);
#2506=FACE_BOUND('',#2355,.T.);
#2507=FACE_BOUND('',#2356,.T.);
#2508=FACE_BOUND('',#2357,.T.);
#2509=FACE_BOUND('',#2358,.T.);
#2510=FACE_BOUND('',#2359,.T.);
#2511=FACE_BOUND('',#2360,.T.);
#2512=FACE_BOUND('',#2361,.T.);
#2513=FACE_BOUND('',#2362,.T.);
#2514=FACE_BOUND('',#2363,.T.);
#2515=FACE_BOUND('',#2364,.T.);
#2516=FACE_BOUND('',#2365,.T.);
#2517=FACE_BOUND('',#2366,.T.);
#2518=FACE_BOUND('',#2367,.T.);
#2519=FACE_BOUND('',#2368,.T.);
#2520=FACE_BOUND('',#2369,.T.);
#2521=FACE_BOUND('',#2370,.T.);
#2522=FACE_BOUND('',#2371,.T.);
#2523=FACE_BOUND('',#2372,.T.);
#2524=FACE_BOUND('',#2373,.T.);
#2525=FACE_BOUND('',#2374,.T.);
#2526=FACE_BOUND('',#2375,.T.);
#2527=FACE_BOUND('',#2376,.T.);
#2528=FACE_BOUND('',#2377,.T.);
#2529=FACE_BOUND('',#2378,.T.);
#2530=FACE_BOUND('',#2379,.T.);
#2531=FACE_BOUND('',#2380,.T.);
#2532=FACE_BOUND('',#2381,.T.);
#2533=FACE_BOUND('',#2382,.T.);
#2534=FACE_BOUND('',#2383,.T.);
#2535=FACE_BOUND('',#2384,.T.);
#2536=FACE_BOUND('',#2385,.T.);
#2537=FACE_BOUND('',#2386,.T.);
#2538=FACE_BOUND('',#2387,.T.);
#2539=FACE_BOUND('',#2388,.T.);
#2540=FACE_BOUND('',#2389,.T.);
#2541=FACE_BOUND('',#2390,.T.);
#2542=FACE_BOUND('',#2391,.T.);
#2543=FACE_BOUND('',#2392,.T.);
#2544=FACE_BOUND('',#2393,.T.);
#2545=FACE_BOUND('',#2394,.T.);
#2546=FACE_BOUND('',#2395,.T.);
#2547=FACE_BOUND('',#2396,.T.);
#2548=FACE_BOUND('',#2397,.T.);
#2549=FACE_BOUND('',#2398,.T.);
#2550=FACE_BOUND('',#2399,.T.);
#2551=FACE_BOUND('',#2400,.T.);
#2552=FACE_BOUND('',#2401,.T.);
#2553=FACE_BOUND('',#2402,.T.);
#2554=FACE_BOUND('',#2403,.T.);
#2555=FACE_BOUND('',#2404,.T.);
#2556=FACE_BOUND('',#2405,.T.);
#2557=FACE_BOUND('',#2406,.T.);
#2558=FACE_BOUND('',#2407,.T.);
#2559=FACE_BOUND('',#2408,.T.);
#2560=FACE_BOUND('',#2409,.T.);
#2561=FACE_BOUND('',#2410,.T.);
#2562=FACE_BOUND('',#2411,.T.);
#2563=FACE_BOUND('',#2412,.T.);
#2564=FACE_BOUND('',#2413,.T.);
#2565=FACE_BOUND('',#2414,.T.);
#2566=FACE_BOUND('',#2415,.T.);
#2567=FACE_BOUND('',#2416,.T.);
#2568=FACE_BOUND('',#2417,.T.);
#2569=FACE_BOUND('',#2418,.T.);
#2570=FACE_BOUND('',#2419,.T.);
#2571=FACE_BOUND('',#2420,.T.);
#2572=FACE_BOUND('',#2421,.T.);
#2573=FACE_BOUND('',#2422,.T.);
#2574=FACE_BOUND('',#2423,.T.);
#2575=FACE_BOUND('',#2424,.T.);
#2576=FACE_BOUND('',#2425,.T.);
#2577=FACE_BOUND('',#2426,.T.);
#2578=FACE_BOUND('',#2427,.T.);
#2579=FACE_BOUND('',#2428,.T.);
#2580=FACE_BOUND('',#2429,.T.);
#2581=FACE_BOUND('',#2430,.T.);
#2582=FACE_BOUND('',#2431,.T.);
#2583=FACE_BOUND('',#2432,.T.);
#2584=FACE_BOUND('',#2433,.T.);
#2585=FACE_BOUND('',#2434,.T.);
#2586=FACE_BOUND('',#2435,.T.);
#2587=FACE_BOUND('',#2436,.T.);
#2588=FACE_BOUND('',#2437,.T.);
#2589=FACE_BOUND('',#2438,.T.);
#2590=FACE_BOUND('',#2439,.T.);
#2591=FACE_BOUND('',#2440,.T.);
#2592=FACE_BOUND('',#2441,.T.);
#2593=FACE_BOUND('',#2442,.T.);
#2594=FACE_BOUND('',#2443,.T.);
#2595=FACE_BOUND('',#2444,.T.);
#2596=FACE_BOUND('',#2445,.T.);
#2597=FACE_BOUND('',#2446,.T.);
#2598=FACE_BOUND('',#2447,.T.);
#2599=FACE_BOUND('',#2448,.T.);
#2600=FACE_BOUND('',#2449,.T.);
#2601=FACE_BOUND('',#2450,.T.);
#2602=FACE_BOUND('',#2451,.T.);
#2603=FACE_BOUND('',#2452,.T.);
#2604=FACE_BOUND('',#2453,.T.);
#2605=FACE_BOUND('',#2454,.T.);
#2606=FACE_BOUND('',#2455,.T.);
#2607=FACE_BOUND('',#2456,.T.);
#2608=FACE_BOUND('',#2457,.T.);
#2609=FACE_BOUND('',#2458,.T.);
#2610=FACE_BOUND('',#2459,.T.);
#2611=FACE_BOUND('',#2460,.T.);
#2612=FACE_BOUND('',#2461,.T.);
#2613=FACE_BOUND('',#2462,.T.);
#2614=FACE_BOUND('',#2463,.T.);
#2615=FACE_BOUND('',#2464,.T.);
#2616=FACE_BOUND('',#2465,.T.);
#2617=FACE_BOUND('',#2466,.T.);
#2618=FACE_BOUND('',#2467,.T.);
#2619=FACE_BOUND('',#2468,.T.);
#2620=FACE_BOUND('',#2469,.T.);
#2621=FACE_BOUND('',#2470,.T.);
#2622=FACE_BOUND('',#2471,.T.);
#2623=FACE_BOUND('',#2472,.T.);
#2624=FACE_BOUND('',#2473,.T.);
#2625=FACE_BOUND('',#2474,.T.);
#2626=FACE_BOUND('',#2475,.T.);
#2627=FACE_BOUND('',#2476,.T.);
#2628=FACE_BOUND('',#2477,.T.);
#2629=FACE_BOUND('',#2478,.T.);
#2630=FACE_BOUND('',#2479,.T.);
#2631=FACE_BOUND('',#2480,.T.);
#2632=FACE_BOUND('',#2481,.T.);
#2633=FACE_BOUND('',#2482,.T.);
#2634=FACE_BOUND('',#2483,.T.);
#2635=FACE_BOUND('',#2484,.T.);
#2636=FACE_BOUND('',#2485,.T.);
#2637=FACE_BOUND('',#2486,.T.);
#2638=FACE_BOUND('',#2487,.T.);
#2639=FACE_BOUND('',#2488,.T.);
#2640=FACE_BOUND('',#2489,.T.);
#2641=FACE_BOUND('',#2490,.T.);
#2642=FACE_BOUND('',#2491,.T.);
#2643=FACE_BOUND('',#2492,.T.);
#2644=FACE_BOUND('',#2493,.T.);
#2645=FACE_BOUND('',#2494,.T.);
#2646=FACE_BOUND('',#2495,.T.);
#2647=CYLINDRICAL_SURFACE('',#3879,0.2);
#2648=CYLINDRICAL_SURFACE('',#3885,0.2);
#2649=CYLINDRICAL_SURFACE('',#3888,0.2);
#2650=CYLINDRICAL_SURFACE('',#3897,0.2);
#2651=CYLINDRICAL_SURFACE('',#3902,0.2);
#2652=CYLINDRICAL_SURFACE('',#3905,0.2);
#2653=CYLINDRICAL_SURFACE('',#3930,0.2);
#2654=CYLINDRICAL_SURFACE('',#3937,0.2);
#2655=CYLINDRICAL_SURFACE('',#3939,0.2);
#2656=CYLINDRICAL_SURFACE('',#3946,0.2);
#2657=CYLINDRICAL_SURFACE('',#3948,0.2);
#2658=CYLINDRICAL_SURFACE('',#3954,0.2);
#2659=CYLINDRICAL_SURFACE('',#3956,0.2);
#2660=CYLINDRICAL_SURFACE('',#3966,0.2);
#2661=CYLINDRICAL_SURFACE('',#3969,0.2);
#2662=CYLINDRICAL_SURFACE('',#3976,0.2);
#2663=CYLINDRICAL_SURFACE('',#3979,0.2);
#2664=CYLINDRICAL_SURFACE('',#3986,0.2);
#2665=CYLINDRICAL_SURFACE('',#3989,0.2);
#2666=CYLINDRICAL_SURFACE('',#4003,0.2);
#2667=CYLINDRICAL_SURFACE('',#4007,0.2);
#2668=CYLINDRICAL_SURFACE('',#4020,0.2);
#2669=CYLINDRICAL_SURFACE('',#4025,0.2);
#2670=CYLINDRICAL_SURFACE('',#4029,0.2);
#2671=CYLINDRICAL_SURFACE('',#4036,0.2);
#2672=CYLINDRICAL_SURFACE('',#4039,0.2);
#2673=CYLINDRICAL_SURFACE('',#4048,0.2);
#2674=CYLINDRICAL_SURFACE('',#4051,0.2);
#2675=CYLINDRICAL_SURFACE('',#4073,0.2);
#2676=CYLINDRICAL_SURFACE('',#4078,0.2);
#2677=CYLINDRICAL_SURFACE('',#4080,0.2);
#2678=CYLINDRICAL_SURFACE('',#4086,0.2);
#2679=CYLINDRICAL_SURFACE('',#4095,0.426029460538359);
#2680=STYLED_ITEM('',(#2829),#3725);
#2681=STYLED_ITEM('',(#2830),#3726);
#2682=STYLED_ITEM('',(#2831),#3727);
#2683=STYLED_ITEM('',(#2832),#3728);
#2684=STYLED_ITEM('',(#2833),#3729);
#2685=STYLED_ITEM('',(#2834),#3730);
#2686=STYLED_ITEM('',(#2835),#3731);
#2687=STYLED_ITEM('',(#2836),#3732);
#2688=STYLED_ITEM('',(#2837),#3733);
#2689=STYLED_ITEM('',(#2838),#3734);
#2690=STYLED_ITEM('',(#2839),#3735);
#2691=STYLED_ITEM('',(#2840),#3736);
#2692=STYLED_ITEM('',(#2841),#3737);
#2693=STYLED_ITEM('',(#2842),#3738);
#2694=STYLED_ITEM('',(#2843),#3739);
#2695=STYLED_ITEM('',(#2844),#3740);
#2696=STYLED_ITEM('',(#2845),#3741);
#2697=STYLED_ITEM('',(#2846),#3742);
#2698=STYLED_ITEM('',(#2847),#3743);
#2699=STYLED_ITEM('',(#2848),#3744);
#2700=STYLED_ITEM('',(#2849),#3745);
#2701=STYLED_ITEM('',(#2850),#3746);
#2702=STYLED_ITEM('',(#2851),#3747);
#2703=STYLED_ITEM('',(#2852),#3748);
#2704=STYLED_ITEM('',(#2853),#3749);
#2705=STYLED_ITEM('',(#2854),#3750);
#2706=STYLED_ITEM('',(#2855),#3751);
#2707=STYLED_ITEM('',(#2856),#3752);
#2708=STYLED_ITEM('',(#2857),#3753);
#2709=STYLED_ITEM('',(#2858),#3754);
#2710=STYLED_ITEM('',(#2859),#3755);
#2711=STYLED_ITEM('',(#2860),#3756);
#2712=STYLED_ITEM('',(#2861),#3757);
#2713=STYLED_ITEM('',(#2862),#3758);
#2714=STYLED_ITEM('',(#2863),#3759);
#2715=STYLED_ITEM('',(#2864),#3760);
#2716=STYLED_ITEM('',(#2865),#3761);
#2717=STYLED_ITEM('',(#2866),#3762);
#2718=STYLED_ITEM('',(#2867),#3763);
#2719=STYLED_ITEM('',(#2868),#3764);
#2720=STYLED_ITEM('',(#2869),#3765);
#2721=STYLED_ITEM('',(#2870),#3766);
#2722=STYLED_ITEM('',(#2871),#3767);
#2723=STYLED_ITEM('',(#2872),#3768);
#2724=STYLED_ITEM('',(#2873),#3769);
#2725=STYLED_ITEM('',(#2874),#3770);
#2726=STYLED_ITEM('',(#2875),#3771);
#2727=STYLED_ITEM('',(#2876),#3772);
#2728=STYLED_ITEM('',(#2877),#3773);
#2729=STYLED_ITEM('',(#2878),#3774);
#2730=STYLED_ITEM('',(#2879),#3775);
#2731=STYLED_ITEM('',(#2880),#3776);
#2732=STYLED_ITEM('',(#2881),#3777);
#2733=STYLED_ITEM('',(#2882),#3778);
#2734=STYLED_ITEM('',(#2883),#3779);
#2735=STYLED_ITEM('',(#2884),#3780);
#2736=STYLED_ITEM('',(#2885),#3781);
#2737=STYLED_ITEM('',(#2886),#3782);
#2738=STYLED_ITEM('',(#2887),#3783);
#2739=STYLED_ITEM('',(#2888),#3784);
#2740=STYLED_ITEM('',(#2889),#3785);
#2741=STYLED_ITEM('',(#2890),#3786);
#2742=STYLED_ITEM('',(#2891),#3787);
#2743=STYLED_ITEM('',(#2892),#3788);
#2744=STYLED_ITEM('',(#2893),#3789);
#2745=STYLED_ITEM('',(#2894),#3790);
#2746=STYLED_ITEM('',(#2895),#3791);
#2747=STYLED_ITEM('',(#2896),#3792);
#2748=STYLED_ITEM('',(#2897),#3793);
#2749=STYLED_ITEM('',(#2898),#3794);
#2750=STYLED_ITEM('',(#2899),#3795);
#2751=STYLED_ITEM('',(#2900),#3796);
#2752=STYLED_ITEM('',(#2901),#3797);
#2753=STYLED_ITEM('',(#2902),#3798);
#2754=STYLED_ITEM('',(#2903),#3799);
#2755=STYLED_ITEM('',(#2904),#3800);
#2756=STYLED_ITEM('',(#2905),#3801);
#2757=STYLED_ITEM('',(#2906),#3802);
#2758=STYLED_ITEM('',(#2907),#3803);
#2759=STYLED_ITEM('',(#2908),#3804);
#2760=STYLED_ITEM('',(#2909),#3805);
#2761=STYLED_ITEM('',(#2910),#3806);
#2762=STYLED_ITEM('',(#2911),#3807);
#2763=STYLED_ITEM('',(#2912),#3808);
#2764=STYLED_ITEM('',(#2913),#3809);
#2765=STYLED_ITEM('',(#2914),#3810);
#2766=STYLED_ITEM('',(#2915),#3811);
#2767=STYLED_ITEM('',(#2916),#3812);
#2768=STYLED_ITEM('',(#2917),#3813);
#2769=STYLED_ITEM('',(#2918),#3814);
#2770=STYLED_ITEM('',(#2919),#3815);
#2771=STYLED_ITEM('',(#2920),#3816);
#2772=STYLED_ITEM('',(#2921),#3817);
#2773=STYLED_ITEM('',(#2922),#3818);
#2774=STYLED_ITEM('',(#2923),#3819);
#2775=STYLED_ITEM('',(#2924),#3820);
#2776=STYLED_ITEM('',(#2925),#3821);
#2777=STYLED_ITEM('',(#2926),#3822);
#2778=STYLED_ITEM('',(#2927),#3823);
#2779=STYLED_ITEM('',(#2928),#3824);
#2780=STYLED_ITEM('',(#2929),#3825);
#2781=STYLED_ITEM('',(#2930),#3826);
#2782=STYLED_ITEM('',(#2931),#3827);
#2783=STYLED_ITEM('',(#2932),#3828);
#2784=STYLED_ITEM('',(#2933),#3829);
#2785=STYLED_ITEM('',(#2934),#3830);
#2786=STYLED_ITEM('',(#2935),#3831);
#2787=STYLED_ITEM('',(#2936),#3832);
#2788=STYLED_ITEM('',(#2937),#3833);
#2789=STYLED_ITEM('',(#2938),#3834);
#2790=STYLED_ITEM('',(#2939),#3835);
#2791=STYLED_ITEM('',(#2940),#3836);
#2792=STYLED_ITEM('',(#2941),#3837);
#2793=STYLED_ITEM('',(#2942),#3838);
#2794=STYLED_ITEM('',(#2943),#3839);
#2795=STYLED_ITEM('',(#2944),#3840);
#2796=STYLED_ITEM('',(#2945),#3841);
#2797=STYLED_ITEM('',(#2946),#3842);
#2798=STYLED_ITEM('',(#2947),#3843);
#2799=STYLED_ITEM('',(#2948),#3844);
#2800=STYLED_ITEM('',(#2949),#3845);
#2801=STYLED_ITEM('',(#2950),#3846);
#2802=STYLED_ITEM('',(#2951),#3847);
#2803=STYLED_ITEM('',(#2952),#3848);
#2804=STYLED_ITEM('',(#2953),#3849);
#2805=STYLED_ITEM('',(#2954),#3850);
#2806=STYLED_ITEM('',(#2955),#3851);
#2807=STYLED_ITEM('',(#2956),#3852);
#2808=STYLED_ITEM('',(#2957),#3853);
#2809=STYLED_ITEM('',(#2958),#3854);
#2810=STYLED_ITEM('',(#2959),#3855);
#2811=STYLED_ITEM('',(#2960),#3856);
#2812=STYLED_ITEM('',(#2961),#3857);
#2813=STYLED_ITEM('',(#2962),#3858);
#2814=STYLED_ITEM('',(#2963),#3859);
#2815=STYLED_ITEM('',(#2964),#3860);
#2816=STYLED_ITEM('',(#2965),#3861);
#2817=STYLED_ITEM('',(#2966),#3862);
#2818=STYLED_ITEM('',(#2967),#3863);
#2819=STYLED_ITEM('',(#2968),#3864);
#2820=STYLED_ITEM('',(#2969),#3865);
#2821=STYLED_ITEM('',(#2970),#3866);
#2822=STYLED_ITEM('',(#2971),#3867);
#2823=STYLED_ITEM('',(#2972),#3868);
#2824=STYLED_ITEM('',(#2973),#3869);
#2825=STYLED_ITEM('',(#2974),#3870);
#2826=STYLED_ITEM('',(#2975),#3871);
#2827=STYLED_ITEM('',(#2976),#3872);
#2828=STYLED_ITEM('',(#2977),#3873);
#2829=PRESENTATION_STYLE_ASSIGNMENT((#2978));
#2830=PRESENTATION_STYLE_ASSIGNMENT((#2979));
#2831=PRESENTATION_STYLE_ASSIGNMENT((#2980));
#2832=PRESENTATION_STYLE_ASSIGNMENT((#2981));
#2833=PRESENTATION_STYLE_ASSIGNMENT((#2982));
#2834=PRESENTATION_STYLE_ASSIGNMENT((#2983));
#2835=PRESENTATION_STYLE_ASSIGNMENT((#2984));
#2836=PRESENTATION_STYLE_ASSIGNMENT((#2985));
#2837=PRESENTATION_STYLE_ASSIGNMENT((#2986));
#2838=PRESENTATION_STYLE_ASSIGNMENT((#2987));
#2839=PRESENTATION_STYLE_ASSIGNMENT((#2988));
#2840=PRESENTATION_STYLE_ASSIGNMENT((#2989));
#2841=PRESENTATION_STYLE_ASSIGNMENT((#2990));
#2842=PRESENTATION_STYLE_ASSIGNMENT((#2991));
#2843=PRESENTATION_STYLE_ASSIGNMENT((#2992));
#2844=PRESENTATION_STYLE_ASSIGNMENT((#2993));
#2845=PRESENTATION_STYLE_ASSIGNMENT((#2994));
#2846=PRESENTATION_STYLE_ASSIGNMENT((#2995));
#2847=PRESENTATION_STYLE_ASSIGNMENT((#2996));
#2848=PRESENTATION_STYLE_ASSIGNMENT((#2997));
#2849=PRESENTATION_STYLE_ASSIGNMENT((#2998));
#2850=PRESENTATION_STYLE_ASSIGNMENT((#2999));
#2851=PRESENTATION_STYLE_ASSIGNMENT((#3000));
#2852=PRESENTATION_STYLE_ASSIGNMENT((#3001));
#2853=PRESENTATION_STYLE_ASSIGNMENT((#3002));
#2854=PRESENTATION_STYLE_ASSIGNMENT((#3003));
#2855=PRESENTATION_STYLE_ASSIGNMENT((#3004));
#2856=PRESENTATION_STYLE_ASSIGNMENT((#3005));
#2857=PRESENTATION_STYLE_ASSIGNMENT((#3006));
#2858=PRESENTATION_STYLE_ASSIGNMENT((#3007));
#2859=PRESENTATION_STYLE_ASSIGNMENT((#3008));
#2860=PRESENTATION_STYLE_ASSIGNMENT((#3009));
#2861=PRESENTATION_STYLE_ASSIGNMENT((#3010));
#2862=PRESENTATION_STYLE_ASSIGNMENT((#3011));
#2863=PRESENTATION_STYLE_ASSIGNMENT((#3012));
#2864=PRESENTATION_STYLE_ASSIGNMENT((#3013));
#2865=PRESENTATION_STYLE_ASSIGNMENT((#3014));
#2866=PRESENTATION_STYLE_ASSIGNMENT((#3015));
#2867=PRESENTATION_STYLE_ASSIGNMENT((#3016));
#2868=PRESENTATION_STYLE_ASSIGNMENT((#3017));
#2869=PRESENTATION_STYLE_ASSIGNMENT((#3018));
#2870=PRESENTATION_STYLE_ASSIGNMENT((#3019));
#2871=PRESENTATION_STYLE_ASSIGNMENT((#3020));
#2872=PRESENTATION_STYLE_ASSIGNMENT((#3021));
#2873=PRESENTATION_STYLE_ASSIGNMENT((#3022));
#2874=PRESENTATION_STYLE_ASSIGNMENT((#3023));
#2875=PRESENTATION_STYLE_ASSIGNMENT((#3024));
#2876=PRESENTATION_STYLE_ASSIGNMENT((#3025));
#2877=PRESENTATION_STYLE_ASSIGNMENT((#3026));
#2878=PRESENTATION_STYLE_ASSIGNMENT((#3027));
#2879=PRESENTATION_STYLE_ASSIGNMENT((#3028));
#2880=PRESENTATION_STYLE_ASSIGNMENT((#3029));
#2881=PRESENTATION_STYLE_ASSIGNMENT((#3030));
#2882=PRESENTATION_STYLE_ASSIGNMENT((#3031));
#2883=PRESENTATION_STYLE_ASSIGNMENT((#3032));
#2884=PRESENTATION_STYLE_ASSIGNMENT((#3033));
#2885=PRESENTATION_STYLE_ASSIGNMENT((#3034));
#2886=PRESENTATION_STYLE_ASSIGNMENT((#3035));
#2887=PRESENTATION_STYLE_ASSIGNMENT((#3036));
#2888=PRESENTATION_STYLE_ASSIGNMENT((#3037));
#2889=PRESENTATION_STYLE_ASSIGNMENT((#3038));
#2890=PRESENTATION_STYLE_ASSIGNMENT((#3039));
#2891=PRESENTATION_STYLE_ASSIGNMENT((#3040));
#2892=PRESENTATION_STYLE_ASSIGNMENT((#3041));
#2893=PRESENTATION_STYLE_ASSIGNMENT((#3042));
#2894=PRESENTATION_STYLE_ASSIGNMENT((#3043));
#2895=PRESENTATION_STYLE_ASSIGNMENT((#3044));
#2896=PRESENTATION_STYLE_ASSIGNMENT((#3045));
#2897=PRESENTATION_STYLE_ASSIGNMENT((#3046));
#2898=PRESENTATION_STYLE_ASSIGNMENT((#3047));
#2899=PRESENTATION_STYLE_ASSIGNMENT((#3048));
#2900=PRESENTATION_STYLE_ASSIGNMENT((#3049));
#2901=PRESENTATION_STYLE_ASSIGNMENT((#3050));
#2902=PRESENTATION_STYLE_ASSIGNMENT((#3051));
#2903=PRESENTATION_STYLE_ASSIGNMENT((#3052));
#2904=PRESENTATION_STYLE_ASSIGNMENT((#3053));
#2905=PRESENTATION_STYLE_ASSIGNMENT((#3054));
#2906=PRESENTATION_STYLE_ASSIGNMENT((#3055));
#2907=PRESENTATION_STYLE_ASSIGNMENT((#3056));
#2908=PRESENTATION_STYLE_ASSIGNMENT((#3057));
#2909=PRESENTATION_STYLE_ASSIGNMENT((#3058));
#2910=PRESENTATION_STYLE_ASSIGNMENT((#3059));
#2911=PRESENTATION_STYLE_ASSIGNMENT((#3060));
#2912=PRESENTATION_STYLE_ASSIGNMENT((#3061));
#2913=PRESENTATION_STYLE_ASSIGNMENT((#3062));
#2914=PRESENTATION_STYLE_ASSIGNMENT((#3063));
#2915=PRESENTATION_STYLE_ASSIGNMENT((#3064));
#2916=PRESENTATION_STYLE_ASSIGNMENT((#3065));
#2917=PRESENTATION_STYLE_ASSIGNMENT((#3066));
#2918=PRESENTATION_STYLE_ASSIGNMENT((#3067));
#2919=PRESENTATION_STYLE_ASSIGNMENT((#3068));
#2920=PRESENTATION_STYLE_ASSIGNMENT((#3069));
#2921=PRESENTATION_STYLE_ASSIGNMENT((#3070));
#2922=PRESENTATION_STYLE_ASSIGNMENT((#3071));
#2923=PRESENTATION_STYLE_ASSIGNMENT((#3072));
#2924=PRESENTATION_STYLE_ASSIGNMENT((#3073));
#2925=PRESENTATION_STYLE_ASSIGNMENT((#3074));
#2926=PRESENTATION_STYLE_ASSIGNMENT((#3075));
#2927=PRESENTATION_STYLE_ASSIGNMENT((#3076));
#2928=PRESENTATION_STYLE_ASSIGNMENT((#3077));
#2929=PRESENTATION_STYLE_ASSIGNMENT((#3078));
#2930=PRESENTATION_STYLE_ASSIGNMENT((#3079));
#2931=PRESENTATION_STYLE_ASSIGNMENT((#3080));
#2932=PRESENTATION_STYLE_ASSIGNMENT((#3081));
#2933=PRESENTATION_STYLE_ASSIGNMENT((#3082));
#2934=PRESENTATION_STYLE_ASSIGNMENT((#3083));
#2935=PRESENTATION_STYLE_ASSIGNMENT((#3084));
#2936=PRESENTATION_STYLE_ASSIGNMENT((#3085));
#2937=PRESENTATION_STYLE_ASSIGNMENT((#3086));
#2938=PRESENTATION_STYLE_ASSIGNMENT((#3087));
#2939=PRESENTATION_STYLE_ASSIGNMENT((#3088));
#2940=PRESENTATION_STYLE_ASSIGNMENT((#3089));
#2941=PRESENTATION_STYLE_ASSIGNMENT((#3090));
#2942=PRESENTATION_STYLE_ASSIGNMENT((#3091));
#2943=PRESENTATION_STYLE_ASSIGNMENT((#3092));
#2944=PRESENTATION_STYLE_ASSIGNMENT((#3093));
#2945=PRESENTATION_STYLE_ASSIGNMENT((#3094));
#2946=PRESENTATION_STYLE_ASSIGNMENT((#3095));
#2947=PRESENTATION_STYLE_ASSIGNMENT((#3096));
#2948=PRESENTATION_STYLE_ASSIGNMENT((#3097));
#2949=PRESENTATION_STYLE_ASSIGNMENT((#3098));
#2950=PRESENTATION_STYLE_ASSIGNMENT((#3099));
#2951=PRESENTATION_STYLE_ASSIGNMENT((#3100));
#2952=PRESENTATION_STYLE_ASSIGNMENT((#3101));
#2953=PRESENTATION_STYLE_ASSIGNMENT((#3102));
#2954=PRESENTATION_STYLE_ASSIGNMENT((#3103));
#2955=PRESENTATION_STYLE_ASSIGNMENT((#3104));
#2956=PRESENTATION_STYLE_ASSIGNMENT((#3105));
#2957=PRESENTATION_STYLE_ASSIGNMENT((#3106));
#2958=PRESENTATION_STYLE_ASSIGNMENT((#3107));
#2959=PRESENTATION_STYLE_ASSIGNMENT((#3108));
#2960=PRESENTATION_STYLE_ASSIGNMENT((#3109));
#2961=PRESENTATION_STYLE_ASSIGNMENT((#3110));
#2962=PRESENTATION_STYLE_ASSIGNMENT((#3111));
#2963=PRESENTATION_STYLE_ASSIGNMENT((#3112));
#2964=PRESENTATION_STYLE_ASSIGNMENT((#3113));
#2965=PRESENTATION_STYLE_ASSIGNMENT((#3114));
#2966=PRESENTATION_STYLE_ASSIGNMENT((#3115));
#2967=PRESENTATION_STYLE_ASSIGNMENT((#3116));
#2968=PRESENTATION_STYLE_ASSIGNMENT((#3117));
#2969=PRESENTATION_STYLE_ASSIGNMENT((#3118));
#2970=PRESENTATION_STYLE_ASSIGNMENT((#3119));
#2971=PRESENTATION_STYLE_ASSIGNMENT((#3120));
#2972=PRESENTATION_STYLE_ASSIGNMENT((#3121));
#2973=PRESENTATION_STYLE_ASSIGNMENT((#3122));
#2974=PRESENTATION_STYLE_ASSIGNMENT((#3123));
#2975=PRESENTATION_STYLE_ASSIGNMENT((#3124));
#2976=PRESENTATION_STYLE_ASSIGNMENT((#3125));
#2977=PRESENTATION_STYLE_ASSIGNMENT((#3126));
#2978=SURFACE_STYLE_USAGE(.BOTH.,#3127);
#2979=SURFACE_STYLE_USAGE(.BOTH.,#3128);
#2980=SURFACE_STYLE_USAGE(.BOTH.,#3129);
#2981=SURFACE_STYLE_USAGE(.BOTH.,#3130);
#2982=SURFACE_STYLE_USAGE(.BOTH.,#3131);
#2983=SURFACE_STYLE_USAGE(.BOTH.,#3132);
#2984=SURFACE_STYLE_USAGE(.BOTH.,#3133);
#2985=SURFACE_STYLE_USAGE(.BOTH.,#3134);
#2986=SURFACE_STYLE_USAGE(.BOTH.,#3135);
#2987=SURFACE_STYLE_USAGE(.BOTH.,#3136);
#2988=SURFACE_STYLE_USAGE(.BOTH.,#3137);
#2989=SURFACE_STYLE_USAGE(.BOTH.,#3138);
#2990=SURFACE_STYLE_USAGE(.BOTH.,#3139);
#2991=SURFACE_STYLE_USAGE(.BOTH.,#3140);
#2992=SURFACE_STYLE_USAGE(.BOTH.,#3141);
#2993=SURFACE_STYLE_USAGE(.BOTH.,#3142);
#2994=SURFACE_STYLE_USAGE(.BOTH.,#3143);
#2995=SURFACE_STYLE_USAGE(.BOTH.,#3144);
#2996=SURFACE_STYLE_USAGE(.BOTH.,#3145);
#2997=SURFACE_STYLE_USAGE(.BOTH.,#3146);
#2998=SURFACE_STYLE_USAGE(.BOTH.,#3147);
#2999=SURFACE_STYLE_USAGE(.BOTH.,#3148);
#3000=SURFACE_STYLE_USAGE(.BOTH.,#3149);
#3001=SURFACE_STYLE_USAGE(.BOTH.,#3150);
#3002=SURFACE_STYLE_USAGE(.BOTH.,#3151);
#3003=SURFACE_STYLE_USAGE(.BOTH.,#3152);
#3004=SURFACE_STYLE_USAGE(.BOTH.,#3153);
#3005=SURFACE_STYLE_USAGE(.BOTH.,#3154);
#3006=SURFACE_STYLE_USAGE(.BOTH.,#3155);
#3007=SURFACE_STYLE_USAGE(.BOTH.,#3156);
#3008=SURFACE_STYLE_USAGE(.BOTH.,#3157);
#3009=SURFACE_STYLE_USAGE(.BOTH.,#3158);
#3010=SURFACE_STYLE_USAGE(.BOTH.,#3159);
#3011=SURFACE_STYLE_USAGE(.BOTH.,#3160);
#3012=SURFACE_STYLE_USAGE(.BOTH.,#3161);
#3013=SURFACE_STYLE_USAGE(.BOTH.,#3162);
#3014=SURFACE_STYLE_USAGE(.BOTH.,#3163);
#3015=SURFACE_STYLE_USAGE(.BOTH.,#3164);
#3016=SURFACE_STYLE_USAGE(.BOTH.,#3165);
#3017=SURFACE_STYLE_USAGE(.BOTH.,#3166);
#3018=SURFACE_STYLE_USAGE(.BOTH.,#3167);
#3019=SURFACE_STYLE_USAGE(.BOTH.,#3168);
#3020=SURFACE_STYLE_USAGE(.BOTH.,#3169);
#3021=SURFACE_STYLE_USAGE(.BOTH.,#3170);
#3022=SURFACE_STYLE_USAGE(.BOTH.,#3171);
#3023=SURFACE_STYLE_USAGE(.BOTH.,#3172);
#3024=SURFACE_STYLE_USAGE(.BOTH.,#3173);
#3025=SURFACE_STYLE_USAGE(.BOTH.,#3174);
#3026=SURFACE_STYLE_USAGE(.BOTH.,#3175);
#3027=SURFACE_STYLE_USAGE(.BOTH.,#3176);
#3028=SURFACE_STYLE_USAGE(.BOTH.,#3177);
#3029=SURFACE_STYLE_USAGE(.BOTH.,#3178);
#3030=SURFACE_STYLE_USAGE(.BOTH.,#3179);
#3031=SURFACE_STYLE_USAGE(.BOTH.,#3180);
#3032=SURFACE_STYLE_USAGE(.BOTH.,#3181);
#3033=SURFACE_STYLE_USAGE(.BOTH.,#3182);
#3034=SURFACE_STYLE_USAGE(.BOTH.,#3183);
#3035=SURFACE_STYLE_USAGE(.BOTH.,#3184);
#3036=SURFACE_STYLE_USAGE(.BOTH.,#3185);
#3037=SURFACE_STYLE_USAGE(.BOTH.,#3186);
#3038=SURFACE_STYLE_USAGE(.BOTH.,#3187);
#3039=SURFACE_STYLE_USAGE(.BOTH.,#3188);
#3040=SURFACE_STYLE_USAGE(.BOTH.,#3189);
#3041=SURFACE_STYLE_USAGE(.BOTH.,#3190);
#3042=SURFACE_STYLE_USAGE(.BOTH.,#3191);
#3043=SURFACE_STYLE_USAGE(.BOTH.,#3192);
#3044=SURFACE_STYLE_USAGE(.BOTH.,#3193);
#3045=SURFACE_STYLE_USAGE(.BOTH.,#3194);
#3046=SURFACE_STYLE_USAGE(.BOTH.,#3195);
#3047=SURFACE_STYLE_USAGE(.BOTH.,#3196);
#3048=SURFACE_STYLE_USAGE(.BOTH.,#3197);
#3049=SURFACE_STYLE_USAGE(.BOTH.,#3198);
#3050=SURFACE_STYLE_USAGE(.BOTH.,#3199);
#3051=SURFACE_STYLE_USAGE(.BOTH.,#3200);
#3052=SURFACE_STYLE_USAGE(.BOTH.,#3201);
#3053=SURFACE_STYLE_USAGE(.BOTH.,#3202);
#3054=SURFACE_STYLE_USAGE(.BOTH.,#3203);
#3055=SURFACE_STYLE_USAGE(.BOTH.,#3204);
#3056=SURFACE_STYLE_USAGE(.BOTH.,#3205);
#3057=SURFACE_STYLE_USAGE(.BOTH.,#3206);
#3058=SURFACE_STYLE_USAGE(.BOTH.,#3207);
#3059=SURFACE_STYLE_USAGE(.BOTH.,#3208);
#3060=SURFACE_STYLE_USAGE(.BOTH.,#3209);
#3061=SURFACE_STYLE_USAGE(.BOTH.,#3210);
#3062=SURFACE_STYLE_USAGE(.BOTH.,#3211);
#3063=SURFACE_STYLE_USAGE(.BOTH.,#3212);
#3064=SURFACE_STYLE_USAGE(.BOTH.,#3213);
#3065=SURFACE_STYLE_USAGE(.BOTH.,#3214);
#3066=SURFACE_STYLE_USAGE(.BOTH.,#3215);
#3067=SURFACE_STYLE_USAGE(.BOTH.,#3216);
#3068=SURFACE_STYLE_USAGE(.BOTH.,#3217);
#3069=SURFACE_STYLE_USAGE(.BOTH.,#3218);
#3070=SURFACE_STYLE_USAGE(.BOTH.,#3219);
#3071=SURFACE_STYLE_USAGE(.BOTH.,#3220);
#3072=SURFACE_STYLE_USAGE(.BOTH.,#3221);
#3073=SURFACE_STYLE_USAGE(.BOTH.,#3222);
#3074=SURFACE_STYLE_USAGE(.BOTH.,#3223);
#3075=SURFACE_STYLE_USAGE(.BOTH.,#3224);
#3076=SURFACE_STYLE_USAGE(.BOTH.,#3225);
#3077=SURFACE_STYLE_USAGE(.BOTH.,#3226);
#3078=SURFACE_STYLE_USAGE(.BOTH.,#3227);
#3079=SURFACE_STYLE_USAGE(.BOTH.,#3228);
#3080=SURFACE_STYLE_USAGE(.BOTH.,#3229);
#3081=SURFACE_STYLE_USAGE(.BOTH.,#3230);
#3082=SURFACE_STYLE_USAGE(.BOTH.,#3231);
#3083=SURFACE_STYLE_USAGE(.BOTH.,#3232);
#3084=SURFACE_STYLE_USAGE(.BOTH.,#3233);
#3085=SURFACE_STYLE_USAGE(.BOTH.,#3234);
#3086=SURFACE_STYLE_USAGE(.BOTH.,#3235);
#3087=SURFACE_STYLE_USAGE(.BOTH.,#3236);
#3088=SURFACE_STYLE_USAGE(.BOTH.,#3237);
#3089=SURFACE_STYLE_USAGE(.BOTH.,#3238);
#3090=SURFACE_STYLE_USAGE(.BOTH.,#3239);
#3091=SURFACE_STYLE_USAGE(.BOTH.,#3240);
#3092=SURFACE_STYLE_USAGE(.BOTH.,#3241);
#3093=SURFACE_STYLE_USAGE(.BOTH.,#3242);
#3094=SURFACE_STYLE_USAGE(.BOTH.,#3243);
#3095=SURFACE_STYLE_USAGE(.BOTH.,#3244);
#3096=SURFACE_STYLE_USAGE(.BOTH.,#3245);
#3097=SURFACE_STYLE_USAGE(.BOTH.,#3246);
#3098=SURFACE_STYLE_USAGE(.BOTH.,#3247);
#3099=SURFACE_STYLE_USAGE(.BOTH.,#3248);
#3100=SURFACE_STYLE_USAGE(.BOTH.,#3249);
#3101=SURFACE_STYLE_USAGE(.BOTH.,#3250);
#3102=SURFACE_STYLE_USAGE(.BOTH.,#3251);
#3103=SURFACE_STYLE_USAGE(.BOTH.,#3252);
#3104=SURFACE_STYLE_USAGE(.BOTH.,#3253);
#3105=SURFACE_STYLE_USAGE(.BOTH.,#3254);
#3106=SURFACE_STYLE_USAGE(.BOTH.,#3255);
#3107=SURFACE_STYLE_USAGE(.BOTH.,#3256);
#3108=SURFACE_STYLE_USAGE(.BOTH.,#3257);
#3109=SURFACE_STYLE_USAGE(.BOTH.,#3258);
#3110=SURFACE_STYLE_USAGE(.BOTH.,#3259);
#3111=SURFACE_STYLE_USAGE(.BOTH.,#3260);
#3112=SURFACE_STYLE_USAGE(.BOTH.,#3261);
#3113=SURFACE_STYLE_USAGE(.BOTH.,#3262);
#3114=SURFACE_STYLE_USAGE(.BOTH.,#3263);
#3115=SURFACE_STYLE_USAGE(.BOTH.,#3264);
#3116=SURFACE_STYLE_USAGE(.BOTH.,#3265);
#3117=SURFACE_STYLE_USAGE(.BOTH.,#3266);
#3118=SURFACE_STYLE_USAGE(.BOTH.,#3267);
#3119=SURFACE_STYLE_USAGE(.BOTH.,#3268);
#3120=SURFACE_STYLE_USAGE(.BOTH.,#3269);
#3121=SURFACE_STYLE_USAGE(.BOTH.,#3270);
#3122=SURFACE_STYLE_USAGE(.BOTH.,#3271);
#3123=SURFACE_STYLE_USAGE(.BOTH.,#3272);
#3124=SURFACE_STYLE_USAGE(.BOTH.,#3273);
#3125=SURFACE_STYLE_USAGE(.BOTH.,#3274);
#3126=SURFACE_STYLE_USAGE(.BOTH.,#3275);
#3127=SURFACE_SIDE_STYLE('',(#3276));
#3128=SURFACE_SIDE_STYLE('',(#3277));
#3129=SURFACE_SIDE_STYLE('',(#3278));
#3130=SURFACE_SIDE_STYLE('',(#3279));
#3131=SURFACE_SIDE_STYLE('',(#3280));
#3132=SURFACE_SIDE_STYLE('',(#3281));
#3133=SURFACE_SIDE_STYLE('',(#3282));
#3134=SURFACE_SIDE_STYLE('',(#3283));
#3135=SURFACE_SIDE_STYLE('',(#3284));
#3136=SURFACE_SIDE_STYLE('',(#3285));
#3137=SURFACE_SIDE_STYLE('',(#3286));
#3138=SURFACE_SIDE_STYLE('',(#3287));
#3139=SURFACE_SIDE_STYLE('',(#3288));
#3140=SURFACE_SIDE_STYLE('',(#3289));
#3141=SURFACE_SIDE_STYLE('',(#3290));
#3142=SURFACE_SIDE_STYLE('',(#3291));
#3143=SURFACE_SIDE_STYLE('',(#3292));
#3144=SURFACE_SIDE_STYLE('',(#3293));
#3145=SURFACE_SIDE_STYLE('',(#3294));
#3146=SURFACE_SIDE_STYLE('',(#3295));
#3147=SURFACE_SIDE_STYLE('',(#3296));
#3148=SURFACE_SIDE_STYLE('',(#3297));
#3149=SURFACE_SIDE_STYLE('',(#3298));
#3150=SURFACE_SIDE_STYLE('',(#3299));
#3151=SURFACE_SIDE_STYLE('',(#3300));
#3152=SURFACE_SIDE_STYLE('',(#3301));
#3153=SURFACE_SIDE_STYLE('',(#3302));
#3154=SURFACE_SIDE_STYLE('',(#3303));
#3155=SURFACE_SIDE_STYLE('',(#3304));
#3156=SURFACE_SIDE_STYLE('',(#3305));
#3157=SURFACE_SIDE_STYLE('',(#3306));
#3158=SURFACE_SIDE_STYLE('',(#3307));
#3159=SURFACE_SIDE_STYLE('',(#3308));
#3160=SURFACE_SIDE_STYLE('',(#3309));
#3161=SURFACE_SIDE_STYLE('',(#3310));
#3162=SURFACE_SIDE_STYLE('',(#3311));
#3163=SURFACE_SIDE_STYLE('',(#3312));
#3164=SURFACE_SIDE_STYLE('',(#3313));
#3165=SURFACE_SIDE_STYLE('',(#3314));
#3166=SURFACE_SIDE_STYLE('',(#3315));
#3167=SURFACE_SIDE_STYLE('',(#3316));
#3168=SURFACE_SIDE_STYLE('',(#3317));
#3169=SURFACE_SIDE_STYLE('',(#3318));
#3170=SURFACE_SIDE_STYLE('',(#3319));
#3171=SURFACE_SIDE_STYLE('',(#3320));
#3172=SURFACE_SIDE_STYLE('',(#3321));
#3173=SURFACE_SIDE_STYLE('',(#3322));
#3174=SURFACE_SIDE_STYLE('',(#3323));
#3175=SURFACE_SIDE_STYLE('',(#3324));
#3176=SURFACE_SIDE_STYLE('',(#3325));
#3177=SURFACE_SIDE_STYLE('',(#3326));
#3178=SURFACE_SIDE_STYLE('',(#3327));
#3179=SURFACE_SIDE_STYLE('',(#3328));
#3180=SURFACE_SIDE_STYLE('',(#3329));
#3181=SURFACE_SIDE_STYLE('',(#3330));
#3182=SURFACE_SIDE_STYLE('',(#3331));
#3183=SURFACE_SIDE_STYLE('',(#3332));
#3184=SURFACE_SIDE_STYLE('',(#3333));
#3185=SURFACE_SIDE_STYLE('',(#3334));
#3186=SURFACE_SIDE_STYLE('',(#3335));
#3187=SURFACE_SIDE_STYLE('',(#3336));
#3188=SURFACE_SIDE_STYLE('',(#3337));
#3189=SURFACE_SIDE_STYLE('',(#3338));
#3190=SURFACE_SIDE_STYLE('',(#3339));
#3191=SURFACE_SIDE_STYLE('',(#3340));
#3192=SURFACE_SIDE_STYLE('',(#3341));
#3193=SURFACE_SIDE_STYLE('',(#3342));
#3194=SURFACE_SIDE_STYLE('',(#3343));
#3195=SURFACE_SIDE_STYLE('',(#3344));
#3196=SURFACE_SIDE_STYLE('',(#3345));
#3197=SURFACE_SIDE_STYLE('',(#3346));
#3198=SURFACE_SIDE_STYLE('',(#3347));
#3199=SURFACE_SIDE_STYLE('',(#3348));
#3200=SURFACE_SIDE_STYLE('',(#3349));
#3201=SURFACE_SIDE_STYLE('',(#3350));
#3202=SURFACE_SIDE_STYLE('',(#3351));
#3203=SURFACE_SIDE_STYLE('',(#3352));
#3204=SURFACE_SIDE_STYLE('',(#3353));
#3205=SURFACE_SIDE_STYLE('',(#3354));
#3206=SURFACE_SIDE_STYLE('',(#3355));
#3207=SURFACE_SIDE_STYLE('',(#3356));
#3208=SURFACE_SIDE_STYLE('',(#3357));
#3209=SURFACE_SIDE_STYLE('',(#3358));
#3210=SURFACE_SIDE_STYLE('',(#3359));
#3211=SURFACE_SIDE_STYLE('',(#3360));
#3212=SURFACE_SIDE_STYLE('',(#3361));
#3213=SURFACE_SIDE_STYLE('',(#3362));
#3214=SURFACE_SIDE_STYLE('',(#3363));
#3215=SURFACE_SIDE_STYLE('',(#3364));
#3216=SURFACE_SIDE_STYLE('',(#3365));
#3217=SURFACE_SIDE_STYLE('',(#3366));
#3218=SURFACE_SIDE_STYLE('',(#3367));
#3219=SURFACE_SIDE_STYLE('',(#3368));
#3220=SURFACE_SIDE_STYLE('',(#3369));
#3221=SURFACE_SIDE_STYLE('',(#3370));
#3222=SURFACE_SIDE_STYLE('',(#3371));
#3223=SURFACE_SIDE_STYLE('',(#3372));
#3224=SURFACE_SIDE_STYLE('',(#3373));
#3225=SURFACE_SIDE_STYLE('',(#3374));
#3226=SURFACE_SIDE_STYLE('',(#3375));
#3227=SURFACE_SIDE_STYLE('',(#3376));
#3228=SURFACE_SIDE_STYLE('',(#3377));
#3229=SURFACE_SIDE_STYLE('',(#3378));
#3230=SURFACE_SIDE_STYLE('',(#3379));
#3231=SURFACE_SIDE_STYLE('',(#3380));
#3232=SURFACE_SIDE_STYLE('',(#3381));
#3233=SURFACE_SIDE_STYLE('',(#3382));
#3234=SURFACE_SIDE_STYLE('',(#3383));
#3235=SURFACE_SIDE_STYLE('',(#3384));
#3236=SURFACE_SIDE_STYLE('',(#3385));
#3237=SURFACE_SIDE_STYLE('',(#3386));
#3238=SURFACE_SIDE_STYLE('',(#3387));
#3239=SURFACE_SIDE_STYLE('',(#3388));
#3240=SURFACE_SIDE_STYLE('',(#3389));
#3241=SURFACE_SIDE_STYLE('',(#3390));
#3242=SURFACE_SIDE_STYLE('',(#3391));
#3243=SURFACE_SIDE_STYLE('',(#3392));
#3244=SURFACE_SIDE_STYLE('',(#3393));
#3245=SURFACE_SIDE_STYLE('',(#3394));
#3246=SURFACE_SIDE_STYLE('',(#3395));
#3247=SURFACE_SIDE_STYLE('',(#3396));
#3248=SURFACE_SIDE_STYLE('',(#3397));
#3249=SURFACE_SIDE_STYLE('',(#3398));
#3250=SURFACE_SIDE_STYLE('',(#3399));
#3251=SURFACE_SIDE_STYLE('',(#3400));
#3252=SURFACE_SIDE_STYLE('',(#3401));
#3253=SURFACE_SIDE_STYLE('',(#3402));
#3254=SURFACE_SIDE_STYLE('',(#3403));
#3255=SURFACE_SIDE_STYLE('',(#3404));
#3256=SURFACE_SIDE_STYLE('',(#3405));
#3257=SURFACE_SIDE_STYLE('',(#3406));
#3258=SURFACE_SIDE_STYLE('',(#3407));
#3259=SURFACE_SIDE_STYLE('',(#3408));
#3260=SURFACE_SIDE_STYLE('',(#3409));
#3261=SURFACE_SIDE_STYLE('',(#3410));
#3262=SURFACE_SIDE_STYLE('',(#3411));
#3263=SURFACE_SIDE_STYLE('',(#3412));
#3264=SURFACE_SIDE_STYLE('',(#3413));
#3265=SURFACE_SIDE_STYLE('',(#3414));
#3266=SURFACE_SIDE_STYLE('',(#3415));
#3267=SURFACE_SIDE_STYLE('',(#3416));
#3268=SURFACE_SIDE_STYLE('',(#3417));
#3269=SURFACE_SIDE_STYLE('',(#3418));
#3270=SURFACE_SIDE_STYLE('',(#3419));
#3271=SURFACE_SIDE_STYLE('',(#3420));
#3272=SURFACE_SIDE_STYLE('',(#3421));
#3273=SURFACE_SIDE_STYLE('',(#3422));
#3274=SURFACE_SIDE_STYLE('',(#3423));
#3275=SURFACE_SIDE_STYLE('',(#3424));
#3276=SURFACE_STYLE_FILL_AREA(#3425);
#3277=SURFACE_STYLE_FILL_AREA(#3426);
#3278=SURFACE_STYLE_FILL_AREA(#3427);
#3279=SURFACE_STYLE_FILL_AREA(#3428);
#3280=SURFACE_STYLE_FILL_AREA(#3429);
#3281=SURFACE_STYLE_FILL_AREA(#3430);
#3282=SURFACE_STYLE_FILL_AREA(#3431);
#3283=SURFACE_STYLE_FILL_AREA(#3432);
#3284=SURFACE_STYLE_FILL_AREA(#3433);
#3285=SURFACE_STYLE_FILL_AREA(#3434);
#3286=SURFACE_STYLE_FILL_AREA(#3435);
#3287=SURFACE_STYLE_FILL_AREA(#3436);
#3288=SURFACE_STYLE_FILL_AREA(#3437);
#3289=SURFACE_STYLE_FILL_AREA(#3438);
#3290=SURFACE_STYLE_FILL_AREA(#3439);
#3291=SURFACE_STYLE_FILL_AREA(#3440);
#3292=SURFACE_STYLE_FILL_AREA(#3441);
#3293=SURFACE_STYLE_FILL_AREA(#3442);
#3294=SURFACE_STYLE_FILL_AREA(#3443);
#3295=SURFACE_STYLE_FILL_AREA(#3444);
#3296=SURFACE_STYLE_FILL_AREA(#3445);
#3297=SURFACE_STYLE_FILL_AREA(#3446);
#3298=SURFACE_STYLE_FILL_AREA(#3447);
#3299=SURFACE_STYLE_FILL_AREA(#3448);
#3300=SURFACE_STYLE_FILL_AREA(#3449);
#3301=SURFACE_STYLE_FILL_AREA(#3450);
#3302=SURFACE_STYLE_FILL_AREA(#3451);
#3303=SURFACE_STYLE_FILL_AREA(#3452);
#3304=SURFACE_STYLE_FILL_AREA(#3453);
#3305=SURFACE_STYLE_FILL_AREA(#3454);
#3306=SURFACE_STYLE_FILL_AREA(#3455);
#3307=SURFACE_STYLE_FILL_AREA(#3456);
#3308=SURFACE_STYLE_FILL_AREA(#3457);
#3309=SURFACE_STYLE_FILL_AREA(#3458);
#3310=SURFACE_STYLE_FILL_AREA(#3459);
#3311=SURFACE_STYLE_FILL_AREA(#3460);
#3312=SURFACE_STYLE_FILL_AREA(#3461);
#3313=SURFACE_STYLE_FILL_AREA(#3462);
#3314=SURFACE_STYLE_FILL_AREA(#3463);
#3315=SURFACE_STYLE_FILL_AREA(#3464);
#3316=SURFACE_STYLE_FILL_AREA(#3465);
#3317=SURFACE_STYLE_FILL_AREA(#3466);
#3318=SURFACE_STYLE_FILL_AREA(#3467);
#3319=SURFACE_STYLE_FILL_AREA(#3468);
#3320=SURFACE_STYLE_FILL_AREA(#3469);
#3321=SURFACE_STYLE_FILL_AREA(#3470);
#3322=SURFACE_STYLE_FILL_AREA(#3471);
#3323=SURFACE_STYLE_FILL_AREA(#3472);
#3324=SURFACE_STYLE_FILL_AREA(#3473);
#3325=SURFACE_STYLE_FILL_AREA(#3474);
#3326=SURFACE_STYLE_FILL_AREA(#3475);
#3327=SURFACE_STYLE_FILL_AREA(#3476);
#3328=SURFACE_STYLE_FILL_AREA(#3477);
#3329=SURFACE_STYLE_FILL_AREA(#3478);
#3330=SURFACE_STYLE_FILL_AREA(#3479);
#3331=SURFACE_STYLE_FILL_AREA(#3480);
#3332=SURFACE_STYLE_FILL_AREA(#3481);
#3333=SURFACE_STYLE_FILL_AREA(#3482);
#3334=SURFACE_STYLE_FILL_AREA(#3483);
#3335=SURFACE_STYLE_FILL_AREA(#3484);
#3336=SURFACE_STYLE_FILL_AREA(#3485);
#3337=SURFACE_STYLE_FILL_AREA(#3486);
#3338=SURFACE_STYLE_FILL_AREA(#3487);
#3339=SURFACE_STYLE_FILL_AREA(#3488);
#3340=SURFACE_STYLE_FILL_AREA(#3489);
#3341=SURFACE_STYLE_FILL_AREA(#3490);
#3342=SURFACE_STYLE_FILL_AREA(#3491);
#3343=SURFACE_STYLE_FILL_AREA(#3492);
#3344=SURFACE_STYLE_FILL_AREA(#3493);
#3345=SURFACE_STYLE_FILL_AREA(#3494);
#3346=SURFACE_STYLE_FILL_AREA(#3495);
#3347=SURFACE_STYLE_FILL_AREA(#3496);
#3348=SURFACE_STYLE_FILL_AREA(#3497);
#3349=SURFACE_STYLE_FILL_AREA(#3498);
#3350=SURFACE_STYLE_FILL_AREA(#3499);
#3351=SURFACE_STYLE_FILL_AREA(#3500);
#3352=SURFACE_STYLE_FILL_AREA(#3501);
#3353=SURFACE_STYLE_FILL_AREA(#3502);
#3354=SURFACE_STYLE_FILL_AREA(#3503);
#3355=SURFACE_STYLE_FILL_AREA(#3504);
#3356=SURFACE_STYLE_FILL_AREA(#3505);
#3357=SURFACE_STYLE_FILL_AREA(#3506);
#3358=SURFACE_STYLE_FILL_AREA(#3507);
#3359=SURFACE_STYLE_FILL_AREA(#3508);
#3360=SURFACE_STYLE_FILL_AREA(#3509);
#3361=SURFACE_STYLE_FILL_AREA(#3510);
#3362=SURFACE_STYLE_FILL_AREA(#3511);
#3363=SURFACE_STYLE_FILL_AREA(#3512);
#3364=SURFACE_STYLE_FILL_AREA(#3513);
#3365=SURFACE_STYLE_FILL_AREA(#3514);
#3366=SURFACE_STYLE_FILL_AREA(#3515);
#3367=SURFACE_STYLE_FILL_AREA(#3516);
#3368=SURFACE_STYLE_FILL_AREA(#3517);
#3369=SURFACE_STYLE_FILL_AREA(#3518);
#3370=SURFACE_STYLE_FILL_AREA(#3519);
#3371=SURFACE_STYLE_FILL_AREA(#3520);
#3372=SURFACE_STYLE_FILL_AREA(#3521);
#3373=SURFACE_STYLE_FILL_AREA(#3522);
#3374=SURFACE_STYLE_FILL_AREA(#3523);
#3375=SURFACE_STYLE_FILL_AREA(#3524);
#3376=SURFACE_STYLE_FILL_AREA(#3525);
#3377=SURFACE_STYLE_FILL_AREA(#3526);
#3378=SURFACE_STYLE_FILL_AREA(#3527);
#3379=SURFACE_STYLE_FILL_AREA(#3528);
#3380=SURFACE_STYLE_FILL_AREA(#3529);
#3381=SURFACE_STYLE_FILL_AREA(#3530);
#3382=SURFACE_STYLE_FILL_AREA(#3531);
#3383=SURFACE_STYLE_FILL_AREA(#3532);
#3384=SURFACE_STYLE_FILL_AREA(#3533);
#3385=SURFACE_STYLE_FILL_AREA(#3534);
#3386=SURFACE_STYLE_FILL_AREA(#3535);
#3387=SURFACE_STYLE_FILL_AREA(#3536);
#3388=SURFACE_STYLE_FILL_AREA(#3537);
#3389=SURFACE_STYLE_FILL_AREA(#3538);
#3390=SURFACE_STYLE_FILL_AREA(#3539);
#3391=SURFACE_STYLE_FILL_AREA(#3540);
#3392=SURFACE_STYLE_FILL_AREA(#3541);
#3393=SURFACE_STYLE_FILL_AREA(#3542);
#3394=SURFACE_STYLE_FILL_AREA(#3543);
#3395=SURFACE_STYLE_FILL_AREA(#3544);
#3396=SURFACE_STYLE_FILL_AREA(#3545);
#3397=SURFACE_STYLE_FILL_AREA(#3546);
#3398=SURFACE_STYLE_FILL_AREA(#3547);
#3399=SURFACE_STYLE_FILL_AREA(#3548);
#3400=SURFACE_STYLE_FILL_AREA(#3549);
#3401=SURFACE_STYLE_FILL_AREA(#3550);
#3402=SURFACE_STYLE_FILL_AREA(#3551);
#3403=SURFACE_STYLE_FILL_AREA(#3552);
#3404=SURFACE_STYLE_FILL_AREA(#3553);
#3405=SURFACE_STYLE_FILL_AREA(#3554);
#3406=SURFACE_STYLE_FILL_AREA(#3555);
#3407=SURFACE_STYLE_FILL_AREA(#3556);
#3408=SURFACE_STYLE_FILL_AREA(#3557);
#3409=SURFACE_STYLE_FILL_AREA(#3558);
#3410=SURFACE_STYLE_FILL_AREA(#3559);
#3411=SURFACE_STYLE_FILL_AREA(#3560);
#3412=SURFACE_STYLE_FILL_AREA(#3561);
#3413=SURFACE_STYLE_FILL_AREA(#3562);
#3414=SURFACE_STYLE_FILL_AREA(#3563);
#3415=SURFACE_STYLE_FILL_AREA(#3564);
#3416=SURFACE_STYLE_FILL_AREA(#3565);
#3417=SURFACE_STYLE_FILL_AREA(#3566);
#3418=SURFACE_STYLE_FILL_AREA(#3567);
#3419=SURFACE_STYLE_FILL_AREA(#3568);
#3420=SURFACE_STYLE_FILL_AREA(#3569);
#3421=SURFACE_STYLE_FILL_AREA(#3570);
#3422=SURFACE_STYLE_FILL_AREA(#3571);
#3423=SURFACE_STYLE_FILL_AREA(#3572);
#3424=SURFACE_STYLE_FILL_AREA(#3573);
#3425=FILL_AREA_STYLE('',(#3574));
#3426=FILL_AREA_STYLE('',(#3575));
#3427=FILL_AREA_STYLE('',(#3576));
#3428=FILL_AREA_STYLE('',(#3577));
#3429=FILL_AREA_STYLE('',(#3578));
#3430=FILL_AREA_STYLE('',(#3579));
#3431=FILL_AREA_STYLE('',(#3580));
#3432=FILL_AREA_STYLE('',(#3581));
#3433=FILL_AREA_STYLE('',(#3582));
#3434=FILL_AREA_STYLE('',(#3583));
#3435=FILL_AREA_STYLE('',(#3584));
#3436=FILL_AREA_STYLE('',(#3585));
#3437=FILL_AREA_STYLE('',(#3586));
#3438=FILL_AREA_STYLE('',(#3587));
#3439=FILL_AREA_STYLE('',(#3588));
#3440=FILL_AREA_STYLE('',(#3589));
#3441=FILL_AREA_STYLE('',(#3590));
#3442=FILL_AREA_STYLE('',(#3591));
#3443=FILL_AREA_STYLE('',(#3592));
#3444=FILL_AREA_STYLE('',(#3593));
#3445=FILL_AREA_STYLE('',(#3594));
#3446=FILL_AREA_STYLE('',(#3595));
#3447=FILL_AREA_STYLE('',(#3596));
#3448=FILL_AREA_STYLE('',(#3597));
#3449=FILL_AREA_STYLE('',(#3598));
#3450=FILL_AREA_STYLE('',(#3599));
#3451=FILL_AREA_STYLE('',(#3600));
#3452=FILL_AREA_STYLE('',(#3601));
#3453=FILL_AREA_STYLE('',(#3602));
#3454=FILL_AREA_STYLE('',(#3603));
#3455=FILL_AREA_STYLE('',(#3604));
#3456=FILL_AREA_STYLE('',(#3605));
#3457=FILL_AREA_STYLE('',(#3606));
#3458=FILL_AREA_STYLE('',(#3607));
#3459=FILL_AREA_STYLE('',(#3608));
#3460=FILL_AREA_STYLE('',(#3609));
#3461=FILL_AREA_STYLE('',(#3610));
#3462=FILL_AREA_STYLE('',(#3611));
#3463=FILL_AREA_STYLE('',(#3612));
#3464=FILL_AREA_STYLE('',(#3613));
#3465=FILL_AREA_STYLE('',(#3614));
#3466=FILL_AREA_STYLE('',(#3615));
#3467=FILL_AREA_STYLE('',(#3616));
#3468=FILL_AREA_STYLE('',(#3617));
#3469=FILL_AREA_STYLE('',(#3618));
#3470=FILL_AREA_STYLE('',(#3619));
#3471=FILL_AREA_STYLE('',(#3620));
#3472=FILL_AREA_STYLE('',(#3621));
#3473=FILL_AREA_STYLE('',(#3622));
#3474=FILL_AREA_STYLE('',(#3623));
#3475=FILL_AREA_STYLE('',(#3624));
#3476=FILL_AREA_STYLE('',(#3625));
#3477=FILL_AREA_STYLE('',(#3626));
#3478=FILL_AREA_STYLE('',(#3627));
#3479=FILL_AREA_STYLE('',(#3628));
#3480=FILL_AREA_STYLE('',(#3629));
#3481=FILL_AREA_STYLE('',(#3630));
#3482=FILL_AREA_STYLE('',(#3631));
#3483=FILL_AREA_STYLE('',(#3632));
#3484=FILL_AREA_STYLE('',(#3633));
#3485=FILL_AREA_STYLE('',(#3634));
#3486=FILL_AREA_STYLE('',(#3635));
#3487=FILL_AREA_STYLE('',(#3636));
#3488=FILL_AREA_STYLE('',(#3637));
#3489=FILL_AREA_STYLE('',(#3638));
#3490=FILL_AREA_STYLE('',(#3639));
#3491=FILL_AREA_STYLE('',(#3640));
#3492=FILL_AREA_STYLE('',(#3641));
#3493=FILL_AREA_STYLE('',(#3642));
#3494=FILL_AREA_STYLE('',(#3643));
#3495=FILL_AREA_STYLE('',(#3644));
#3496=FILL_AREA_STYLE('',(#3645));
#3497=FILL_AREA_STYLE('',(#3646));
#3498=FILL_AREA_STYLE('',(#3647));
#3499=FILL_AREA_STYLE('',(#3648));
#3500=FILL_AREA_STYLE('',(#3649));
#3501=FILL_AREA_STYLE('',(#3650));
#3502=FILL_AREA_STYLE('',(#3651));
#3503=FILL_AREA_STYLE('',(#3652));
#3504=FILL_AREA_STYLE('',(#3653));
#3505=FILL_AREA_STYLE('',(#3654));
#3506=FILL_AREA_STYLE('',(#3655));
#3507=FILL_AREA_STYLE('',(#3656));
#3508=FILL_AREA_STYLE('',(#3657));
#3509=FILL_AREA_STYLE('',(#3658));
#3510=FILL_AREA_STYLE('',(#3659));
#3511=FILL_AREA_STYLE('',(#3660));
#3512=FILL_AREA_STYLE('',(#3661));
#3513=FILL_AREA_STYLE('',(#3662));
#3514=FILL_AREA_STYLE('',(#3663));
#3515=FILL_AREA_STYLE('',(#3664));
#3516=FILL_AREA_STYLE('',(#3665));
#3517=FILL_AREA_STYLE('',(#3666));
#3518=FILL_AREA_STYLE('',(#3667));
#3519=FILL_AREA_STYLE('',(#3668));
#3520=FILL_AREA_STYLE('',(#3669));
#3521=FILL_AREA_STYLE('',(#3670));
#3522=FILL_AREA_STYLE('',(#3671));
#3523=FILL_AREA_STYLE('',(#3672));
#3524=FILL_AREA_STYLE('',(#3673));
#3525=FILL_AREA_STYLE('',(#3674));
#3526=FILL_AREA_STYLE('',(#3675));
#3527=FILL_AREA_STYLE('',(#3676));
#3528=FILL_AREA_STYLE('',(#3677));
#3529=FILL_AREA_STYLE('',(#3678));
#3530=FILL_AREA_STYLE('',(#3679));
#3531=FILL_AREA_STYLE('',(#3680));
#3532=FILL_AREA_STYLE('',(#3681));
#3533=FILL_AREA_STYLE('',(#3682));
#3534=FILL_AREA_STYLE('',(#3683));
#3535=FILL_AREA_STYLE('',(#3684));
#3536=FILL_AREA_STYLE('',(#3685));
#3537=FILL_AREA_STYLE('',(#3686));
#3538=FILL_AREA_STYLE('',(#3687));
#3539=FILL_AREA_STYLE('',(#3688));
#3540=FILL_AREA_STYLE('',(#3689));
#3541=FILL_AREA_STYLE('',(#3690));
#3542=FILL_AREA_STYLE('',(#3691));
#3543=FILL_AREA_STYLE('',(#3692));
#3544=FILL_AREA_STYLE('',(#3693));
#3545=FILL_AREA_STYLE('',(#3694));
#3546=FILL_AREA_STYLE('',(#3695));
#3547=FILL_AREA_STYLE('',(#3696));
#3548=FILL_AREA_STYLE('',(#3697));
#3549=FILL_AREA_STYLE('',(#3698));
#3550=FILL_AREA_STYLE('',(#3699));
#3551=FILL_AREA_STYLE('',(#3700));
#3552=FILL_AREA_STYLE('',(#3701));
#3553=FILL_AREA_STYLE('',(#3702));
#3554=FILL_AREA_STYLE('',(#3703));
#3555=FILL_AREA_STYLE('',(#3704));
#3556=FILL_AREA_STYLE('',(#3705));
#3557=FILL_AREA_STYLE('',(#3706));
#3558=FILL_AREA_STYLE('',(#3707));
#3559=FILL_AREA_STYLE('',(#3708));
#3560=FILL_AREA_STYLE('',(#3709));
#3561=FILL_AREA_STYLE('',(#3710));
#3562=FILL_AREA_STYLE('',(#3711));
#3563=FILL_AREA_STYLE('',(#3712));
#3564=FILL_AREA_STYLE('',(#3713));
#3565=FILL_AREA_STYLE('',(#3714));
#3566=FILL_AREA_STYLE('',(#3715));
#3567=FILL_AREA_STYLE('',(#3716));
#3568=FILL_AREA_STYLE('',(#3717));
#3569=FILL_AREA_STYLE('',(#3718));
#3570=FILL_AREA_STYLE('',(#3719));
#3571=FILL_AREA_STYLE('',(#3720));
#3572=FILL_AREA_STYLE('',(#3721));
#3573=FILL_AREA_STYLE('',(#3722));
#3574=FILL_AREA_STYLE_COLOUR('',#3723);
#3575=FILL_AREA_STYLE_COLOUR('',#3723);
#3576=FILL_AREA_STYLE_COLOUR('',#3723);
#3577=FILL_AREA_STYLE_COLOUR('',#3723);
#3578=FILL_AREA_STYLE_COLOUR('',#3723);
#3579=FILL_AREA_STYLE_COLOUR('',#3723);
#3580=FILL_AREA_STYLE_COLOUR('',#3723);
#3581=FILL_AREA_STYLE_COLOUR('',#3723);
#3582=FILL_AREA_STYLE_COLOUR('',#3723);
#3583=FILL_AREA_STYLE_COLOUR('',#3723);
#3584=FILL_AREA_STYLE_COLOUR('',#3723);
#3585=FILL_AREA_STYLE_COLOUR('',#3723);
#3586=FILL_AREA_STYLE_COLOUR('',#3723);
#3587=FILL_AREA_STYLE_COLOUR('',#3723);
#3588=FILL_AREA_STYLE_COLOUR('',#3723);
#3589=FILL_AREA_STYLE_COLOUR('',#3723);
#3590=FILL_AREA_STYLE_COLOUR('',#3723);
#3591=FILL_AREA_STYLE_COLOUR('',#3723);
#3592=FILL_AREA_STYLE_COLOUR('',#3723);
#3593=FILL_AREA_STYLE_COLOUR('',#3723);
#3594=FILL_AREA_STYLE_COLOUR('',#3723);
#3595=FILL_AREA_STYLE_COLOUR('',#3723);
#3596=FILL_AREA_STYLE_COLOUR('',#3723);
#3597=FILL_AREA_STYLE_COLOUR('',#3723);
#3598=FILL_AREA_STYLE_COLOUR('',#3723);
#3599=FILL_AREA_STYLE_COLOUR('',#3723);
#3600=FILL_AREA_STYLE_COLOUR('',#3723);
#3601=FILL_AREA_STYLE_COLOUR('',#3723);
#3602=FILL_AREA_STYLE_COLOUR('',#3723);
#3603=FILL_AREA_STYLE_COLOUR('',#3723);
#3604=FILL_AREA_STYLE_COLOUR('',#3723);
#3605=FILL_AREA_STYLE_COLOUR('',#3723);
#3606=FILL_AREA_STYLE_COLOUR('',#3723);
#3607=FILL_AREA_STYLE_COLOUR('',#3723);
#3608=FILL_AREA_STYLE_COLOUR('',#3723);
#3609=FILL_AREA_STYLE_COLOUR('',#3723);
#3610=FILL_AREA_STYLE_COLOUR('',#3723);
#3611=FILL_AREA_STYLE_COLOUR('',#3723);
#3612=FILL_AREA_STYLE_COLOUR('',#3723);
#3613=FILL_AREA_STYLE_COLOUR('',#3723);
#3614=FILL_AREA_STYLE_COLOUR('',#3723);
#3615=FILL_AREA_STYLE_COLOUR('',#3723);
#3616=FILL_AREA_STYLE_COLOUR('',#3723);
#3617=FILL_AREA_STYLE_COLOUR('',#3723);
#3618=FILL_AREA_STYLE_COLOUR('',#3723);
#3619=FILL_AREA_STYLE_COLOUR('',#3723);
#3620=FILL_AREA_STYLE_COLOUR('',#3723);
#3621=FILL_AREA_STYLE_COLOUR('',#3723);
#3622=FILL_AREA_STYLE_COLOUR('',#3723);
#3623=FILL_AREA_STYLE_COLOUR('',#3723);
#3624=FILL_AREA_STYLE_COLOUR('',#3723);
#3625=FILL_AREA_STYLE_COLOUR('',#3723);
#3626=FILL_AREA_STYLE_COLOUR('',#3723);
#3627=FILL_AREA_STYLE_COLOUR('',#3723);
#3628=FILL_AREA_STYLE_COLOUR('',#3723);
#3629=FILL_AREA_STYLE_COLOUR('',#3723);
#3630=FILL_AREA_STYLE_COLOUR('',#3723);
#3631=FILL_AREA_STYLE_COLOUR('',#3723);
#3632=FILL_AREA_STYLE_COLOUR('',#3723);
#3633=FILL_AREA_STYLE_COLOUR('',#3723);
#3634=FILL_AREA_STYLE_COLOUR('',#3723);
#3635=FILL_AREA_STYLE_COLOUR('',#3723);
#3636=FILL_AREA_STYLE_COLOUR('',#3723);
#3637=FILL_AREA_STYLE_COLOUR('',#3723);
#3638=FILL_AREA_STYLE_COLOUR('',#3723);
#3639=FILL_AREA_STYLE_COLOUR('',#3723);
#3640=FILL_AREA_STYLE_COLOUR('',#3723);
#3641=FILL_AREA_STYLE_COLOUR('',#3723);
#3642=FILL_AREA_STYLE_COLOUR('',#3723);
#3643=FILL_AREA_STYLE_COLOUR('',#3723);
#3644=FILL_AREA_STYLE_COLOUR('',#3723);
#3645=FILL_AREA_STYLE_COLOUR('',#3723);
#3646=FILL_AREA_STYLE_COLOUR('',#3723);
#3647=FILL_AREA_STYLE_COLOUR('',#3723);
#3648=FILL_AREA_STYLE_COLOUR('',#3723);
#3649=FILL_AREA_STYLE_COLOUR('',#3723);
#3650=FILL_AREA_STYLE_COLOUR('',#3723);
#3651=FILL_AREA_STYLE_COLOUR('',#3723);
#3652=FILL_AREA_STYLE_COLOUR('',#3723);
#3653=FILL_AREA_STYLE_COLOUR('',#3723);
#3654=FILL_AREA_STYLE_COLOUR('',#3723);
#3655=FILL_AREA_STYLE_COLOUR('',#3723);
#3656=FILL_AREA_STYLE_COLOUR('',#3723);
#3657=FILL_AREA_STYLE_COLOUR('',#3723);
#3658=FILL_AREA_STYLE_COLOUR('',#3723);
#3659=FILL_AREA_STYLE_COLOUR('',#3723);
#3660=FILL_AREA_STYLE_COLOUR('',#3723);
#3661=FILL_AREA_STYLE_COLOUR('',#3723);
#3662=FILL_AREA_STYLE_COLOUR('',#3723);
#3663=FILL_AREA_STYLE_COLOUR('',#3723);
#3664=FILL_AREA_STYLE_COLOUR('',#3723);
#3665=FILL_AREA_STYLE_COLOUR('',#3723);
#3666=FILL_AREA_STYLE_COLOUR('',#3723);
#3667=FILL_AREA_STYLE_COLOUR('',#3723);
#3668=FILL_AREA_STYLE_COLOUR('',#3723);
#3669=FILL_AREA_STYLE_COLOUR('',#3723);
#3670=FILL_AREA_STYLE_COLOUR('',#3723);
#3671=FILL_AREA_STYLE_COLOUR('',#3723);
#3672=FILL_AREA_STYLE_COLOUR('',#3723);
#3673=FILL_AREA_STYLE_COLOUR('',#3724);
#3674=FILL_AREA_STYLE_COLOUR('',#3723);
#3675=FILL_AREA_STYLE_COLOUR('',#3723);
#3676=FILL_AREA_STYLE_COLOUR('',#3723);
#3677=FILL_AREA_STYLE_COLOUR('',#3723);
#3678=FILL_AREA_STYLE_COLOUR('',#3723);
#3679=FILL_AREA_STYLE_COLOUR('',#3723);
#3680=FILL_AREA_STYLE_COLOUR('',#3724);
#3681=FILL_AREA_STYLE_COLOUR('',#3723);
#3682=FILL_AREA_STYLE_COLOUR('',#3723);
#3683=FILL_AREA_STYLE_COLOUR('',#3723);
#3684=FILL_AREA_STYLE_COLOUR('',#3723);
#3685=FILL_AREA_STYLE_COLOUR('',#3723);
#3686=FILL_AREA_STYLE_COLOUR('',#3723);
#3687=FILL_AREA_STYLE_COLOUR('',#3723);
#3688=FILL_AREA_STYLE_COLOUR('',#3723);
#3689=FILL_AREA_STYLE_COLOUR('',#3724);
#3690=FILL_AREA_STYLE_COLOUR('',#3724);
#3691=FILL_AREA_STYLE_COLOUR('',#3724);
#3692=FILL_AREA_STYLE_COLOUR('',#3723);
#3693=FILL_AREA_STYLE_COLOUR('',#3723);
#3694=FILL_AREA_STYLE_COLOUR('',#3723);
#3695=FILL_AREA_STYLE_COLOUR('',#3723);
#3696=FILL_AREA_STYLE_COLOUR('',#3724);
#3697=FILL_AREA_STYLE_COLOUR('',#3724);
#3698=FILL_AREA_STYLE_COLOUR('',#3724);
#3699=FILL_AREA_STYLE_COLOUR('',#3723);
#3700=FILL_AREA_STYLE_COLOUR('',#3723);
#3701=FILL_AREA_STYLE_COLOUR('',#3723);
#3702=FILL_AREA_STYLE_COLOUR('',#3723);
#3703=FILL_AREA_STYLE_COLOUR('',#3723);
#3704=FILL_AREA_STYLE_COLOUR('',#3723);
#3705=FILL_AREA_STYLE_COLOUR('',#3723);
#3706=FILL_AREA_STYLE_COLOUR('',#3723);
#3707=FILL_AREA_STYLE_COLOUR('',#3723);
#3708=FILL_AREA_STYLE_COLOUR('',#3723);
#3709=FILL_AREA_STYLE_COLOUR('',#3723);
#3710=FILL_AREA_STYLE_COLOUR('',#3723);
#3711=FILL_AREA_STYLE_COLOUR('',#3723);
#3712=FILL_AREA_STYLE_COLOUR('',#3724);
#3713=FILL_AREA_STYLE_COLOUR('',#3724);
#3714=FILL_AREA_STYLE_COLOUR('',#3723);
#3715=FILL_AREA_STYLE_COLOUR('',#3723);
#3716=FILL_AREA_STYLE_COLOUR('',#3723);
#3717=FILL_AREA_STYLE_COLOUR('',#3723);
#3718=FILL_AREA_STYLE_COLOUR('',#3723);
#3719=FILL_AREA_STYLE_COLOUR('',#3723);
#3720=FILL_AREA_STYLE_COLOUR('',#3723);
#3721=FILL_AREA_STYLE_COLOUR('',#3724);
#3722=FILL_AREA_STYLE_COLOUR('',#3724);
#3723=COLOUR_RGB('',0.699999988079071,0.699999988079071,0.699999988079071);
#3724=COLOUR_RGB('',0.730000019073486,0.729411780834198,0.729411780834198);
#3725=ADVANCED_FACE('',(#2496),#2647,.F.);
#3726=ADVANCED_FACE('',(#2497),#14,.F.);
#3727=ADVANCED_FACE('',(#2498),#15,.T.);
#3728=ADVANCED_FACE('',(#2499),#2648,.F.);
#3729=ADVANCED_FACE('',(#2500),#2649,.T.);
#3730=ADVANCED_FACE('',(#2501),#16,.T.);
#3731=ADVANCED_FACE('',(#2502),#17,.T.);
#3732=ADVANCED_FACE('',(#2503),#18,.T.);
#3733=ADVANCED_FACE('',(#2504),#19,.T.);
#3734=ADVANCED_FACE('',(#2505),#20,.F.);
#3735=ADVANCED_FACE('',(#2506),#2650,.F.);
#3736=ADVANCED_FACE('',(#2507),#21,.F.);
#3737=ADVANCED_FACE('',(#2508),#2651,.F.);
#3738=ADVANCED_FACE('',(#2509),#2652,.T.);
#3739=ADVANCED_FACE('',(#2510),#22,.F.);
#3740=ADVANCED_FACE('',(#2511),#23,.F.);
#3741=ADVANCED_FACE('',(#2512),#24,.F.);
#3742=ADVANCED_FACE('',(#2513),#25,.F.);
#3743=ADVANCED_FACE('',(#2514),#26,.T.);
#3744=ADVANCED_FACE('',(#2515),#27,.F.);
#3745=ADVANCED_FACE('',(#2516),#28,.F.);
#3746=ADVANCED_FACE('',(#2517),#29,.F.);
#3747=ADVANCED_FACE('',(#2518),#30,.F.);
#3748=ADVANCED_FACE('',(#2519),#31,.F.);
#3749=ADVANCED_FACE('',(#2520),#32,.F.);
#3750=ADVANCED_FACE('',(#2521),#33,.F.);
#3751=ADVANCED_FACE('',(#2522),#34,.F.);
#3752=ADVANCED_FACE('',(#2523),#35,.F.);
#3753=ADVANCED_FACE('',(#2524),#36,.F.);
#3754=ADVANCED_FACE('',(#2525),#37,.F.);
#3755=ADVANCED_FACE('',(#2526),#38,.F.);
#3756=ADVANCED_FACE('',(#2527),#39,.F.);
#3757=ADVANCED_FACE('',(#2528),#40,.F.);
#3758=ADVANCED_FACE('',(#2529),#2653,.T.);
#3759=ADVANCED_FACE('',(#2530),#41,.T.);
#3760=ADVANCED_FACE('',(#2531),#42,.F.);
#3761=ADVANCED_FACE('',(#2532),#43,.T.);
#3762=ADVANCED_FACE('',(#2533),#2654,.T.);
#3763=ADVANCED_FACE('',(#2534),#2655,.F.);
#3764=ADVANCED_FACE('',(#2535),#44,.F.);
#3765=ADVANCED_FACE('',(#2536),#45,.T.);
#3766=ADVANCED_FACE('',(#2537),#2656,.T.);
#3767=ADVANCED_FACE('',(#2538),#2657,.F.);
#3768=ADVANCED_FACE('',(#2539),#46,.F.);
#3769=ADVANCED_FACE('',(#2540),#47,.T.);
#3770=ADVANCED_FACE('',(#2541),#2658,.T.);
#3771=ADVANCED_FACE('',(#2542),#2659,.F.);
#3772=ADVANCED_FACE('',(#2543),#48,.F.);
#3773=ADVANCED_FACE('',(#2544),#49,.T.);
#3774=ADVANCED_FACE('',(#2545),#50,.T.);
#3775=ADVANCED_FACE('',(#2546),#51,.T.);
#3776=ADVANCED_FACE('',(#2547),#52,.T.);
#3777=ADVANCED_FACE('',(#2548),#53,.T.);
#3778=ADVANCED_FACE('',(#2549),#54,.F.);
#3779=ADVANCED_FACE('',(#2550),#2660,.F.);
#3780=ADVANCED_FACE('',(#2551),#2661,.T.);
#3781=ADVANCED_FACE('',(#2552),#55,.F.);
#3782=ADVANCED_FACE('',(#2553),#56,.F.);
#3783=ADVANCED_FACE('',(#2554),#57,.T.);
#3784=ADVANCED_FACE('',(#2555),#58,.F.);
#3785=ADVANCED_FACE('',(#2556),#2662,.F.);
#3786=ADVANCED_FACE('',(#2557),#2663,.T.);
#3787=ADVANCED_FACE('',(#2558),#59,.F.);
#3788=ADVANCED_FACE('',(#2559),#60,.F.);
#3789=ADVANCED_FACE('',(#2560),#61,.T.);
#3790=ADVANCED_FACE('',(#2561),#62,.F.);
#3791=ADVANCED_FACE('',(#2562),#2664,.F.);
#3792=ADVANCED_FACE('',(#2563),#2665,.T.);
#3793=ADVANCED_FACE('',(#2564),#63,.F.);
#3794=ADVANCED_FACE('',(#2565),#64,.F.);
#3795=ADVANCED_FACE('',(#2566),#65,.T.);
#3796=ADVANCED_FACE('',(#2567),#66,.T.);
#3797=ADVANCED_FACE('',(#2568),#67,.T.);
#3798=ADVANCED_FACE('',(#2569),#68,.T.);
#3799=ADVANCED_FACE('',(#2570),#69,.T.);
#3800=ADVANCED_FACE('',(#2571),#70,.T.);
#3801=ADVANCED_FACE('',(#2572),#71,.F.);
#3802=ADVANCED_FACE('',(#2573),#72,.F.);
#3803=ADVANCED_FACE('',(#2574),#73,.F.);
#3804=ADVANCED_FACE('',(#2575),#2666,.T.);
#3805=ADVANCED_FACE('',(#2576),#74,.F.);
#3806=ADVANCED_FACE('',(#2577),#2667,.F.);
#3807=ADVANCED_FACE('',(#2578),#75,.T.);
#3808=ADVANCED_FACE('',(#2579),#76,.T.);
#3809=ADVANCED_FACE('',(#2580),#77,.F.);
#3810=ADVANCED_FACE('',(#2581),#78,.F.);
#3811=ADVANCED_FACE('',(#2582),#79,.T.);
#3812=ADVANCED_FACE('',(#2583),#80,.F.);
#3813=ADVANCED_FACE('',(#2584),#81,.F.);
#3814=ADVANCED_FACE('',(#2585),#82,.T.);
#3815=ADVANCED_FACE('',(#2586),#83,.F.);
#3816=ADVANCED_FACE('',(#2587),#84,.F.);
#3817=ADVANCED_FACE('',(#2588),#2668,.T.);
#3818=ADVANCED_FACE('',(#2589),#85,.F.);
#3819=ADVANCED_FACE('',(#2590),#86,.T.);
#3820=ADVANCED_FACE('',(#2591),#2669,.T.);
#3821=ADVANCED_FACE('',(#2592),#87,.F.);
#3822=ADVANCED_FACE('',(#2593),#2670,.F.);
#3823=ADVANCED_FACE('',(#2594),#88,.T.);
#3824=ADVANCED_FACE('',(#2595),#89,.T.);
#3825=ADVANCED_FACE('',(#2596),#90,.F.);
#3826=ADVANCED_FACE('',(#2597),#91,.T.);
#3827=ADVANCED_FACE('',(#2598),#2671,.F.);
#3828=ADVANCED_FACE('',(#2599),#2672,.T.);
#3829=ADVANCED_FACE('',(#2600),#92,.T.);
#3830=ADVANCED_FACE('',(#2601),#93,.T.);
#3831=ADVANCED_FACE('',(#2602),#94,.T.);
#3832=ADVANCED_FACE('',(#2603),#95,.T.);
#3833=ADVANCED_FACE('',(#2604),#96,.F.);
#3834=ADVANCED_FACE('',(#2605),#97,.T.);
#3835=ADVANCED_FACE('',(#2606),#2673,.F.);
#3836=ADVANCED_FACE('',(#2607),#2674,.T.);
#3837=ADVANCED_FACE('',(#2608),#98,.T.);
#3838=ADVANCED_FACE('',(#2609),#99,.T.);
#3839=ADVANCED_FACE('',(#2610),#100,.T.);
#3840=ADVANCED_FACE('',(#2611),#101,.T.);
#3841=ADVANCED_FACE('',(#2612),#102,.T.);
#3842=ADVANCED_FACE('',(#2613),#103,.T.);
#3843=ADVANCED_FACE('',(#2614),#104,.T.);
#3844=ADVANCED_FACE('',(#2615),#105,.T.);
#3845=ADVANCED_FACE('',(#2616),#106,.T.);
#3846=ADVANCED_FACE('',(#2617),#107,.F.);
#3847=ADVANCED_FACE('',(#2618),#108,.T.);
#3848=ADVANCED_FACE('',(#2619,#2620),#109,.T.);
#3849=ADVANCED_FACE('',(#2621),#110,.T.);
#3850=ADVANCED_FACE('',(#2622),#111,.T.);
#3851=ADVANCED_FACE('',(#2623),#112,.F.);
#3852=ADVANCED_FACE('',(#2624),#113,.T.);
#3853=ADVANCED_FACE('',(#2625),#114,.T.);
#3854=ADVANCED_FACE('',(#2626),#115,.F.);
#3855=ADVANCED_FACE('',(#2627),#2675,.F.);
#3856=ADVANCED_FACE('',(#2628),#116,.T.);
#3857=ADVANCED_FACE('',(#2629),#117,.T.);
#3858=ADVANCED_FACE('',(#2630),#118,.T.);
#3859=ADVANCED_FACE('',(#2631),#2676,.T.);
#3860=ADVANCED_FACE('',(#2632),#119,.T.);
#3861=ADVANCED_FACE('',(#2633),#2677,.F.);
#3862=ADVANCED_FACE('',(#2634),#120,.T.);
#3863=ADVANCED_FACE('',(#2635),#121,.T.);
#3864=ADVANCED_FACE('',(#2636),#122,.T.);
#3865=ADVANCED_FACE('',(#2637),#2678,.T.);
#3866=ADVANCED_FACE('',(#2638),#123,.T.);
#3867=ADVANCED_FACE('',(#2639),#124,.T.);
#3868=ADVANCED_FACE('',(#2640),#125,.T.);
#3869=ADVANCED_FACE('',(#2641),#126,.F.);
#3870=ADVANCED_FACE('',(#2642),#127,.F.);
#3871=ADVANCED_FACE('',(#2643),#128,.T.);
#3872=ADVANCED_FACE('',(#2644,#2645),#2679,.F.);
#3873=ADVANCED_FACE('',(#2646),#129,.F.);
#3874=CLOSED_SHELL('',(#3725,#3726,#3727,#3728,#3729,#3730,#3731,#3732,
#3733,#3734,#3735,#3736,#3737,#3738,#3739,#3740,#3741,#3742,#3743,#3744,
#3745,#3746,#3747,#3748,#3749,#3750,#3751,#3752,#3753,#3754,#3755,#3756,
#3757,#3758,#3759,#3760,#3761,#3762,#3763,#3764,#3765,#3766,#3767,#3768,
#3769,#3770,#3771,#3772,#3773,#3774,#3775,#3776,#3777,#3778,#3779,#3780,
#3781,#3782,#3783,#3784,#3785,#3786,#3787,#3788,#3789,#3790,#3791,#3792,
#3793,#3794,#3795,#3796,#3797,#3798,#3799,#3800,#3801,#3802,#3803,#3804,
#3805,#3806,#3807,#3808,#3809,#3810,#3811,#3812,#3813,#3814,#3815,#3816,
#3817,#3818,#3819,#3820,#3821,#3822,#3823,#3824,#3825,#3826,#3827,#3828,
#3829,#3830,#3831,#3832,#3833,#3834,#3835,#3836,#3837,#3838,#3839,#3840,
#3841,#3842,#3843,#3844,#3845,#3846,#3847,#3848,#3849,#3850,#3851,#3852,
#3853,#3854,#3855,#3856,#3857,#3858,#3859,#3860,#3861,#3862,#3863,#3864,
#3865,#3866,#3867,#3868,#3869,#3870,#3871,#3872,#3873));
#3875=MANIFOLD_SOLID_BREP('',#3874);
#3876=SHAPE_DEFINITION_REPRESENTATION(#5698,#3877);
#3877=SHAPE_REPRESENTATION('HCPL-7800A-300E',(#3878),#5693);
#3878=AXIS2_PLACEMENT_3D('',#4876,#4099,#4100);
#3879=AXIS2_PLACEMENT_3D('',#4877,#4101,#4102);
#3880=AXIS2_PLACEMENT_3D('',#4878,#4103,#4104);
#3881=AXIS2_PLACEMENT_3D('',#4881,#4105,#4106);
#3882=AXIS2_PLACEMENT_3D('',#4885,#4108,#4109);
#3883=AXIS2_PLACEMENT_3D('',#4888,#4111,#4112);
#3884=AXIS2_PLACEMENT_3D('',#4894,#4116,#4117);
#3885=AXIS2_PLACEMENT_3D('',#4908,#4125,#4126);
#3886=AXIS2_PLACEMENT_3D('',#4912,#4128,#4129);
#3887=AXIS2_PLACEMENT_3D('',#4913,#4130,#4131);
#3888=AXIS2_PLACEMENT_3D('',#4914,#4132,#4133);
#3889=AXIS2_PLACEMENT_3D('',#4918,#4135,#4136);
#3890=AXIS2_PLACEMENT_3D('',#4922,#4138,#4139);
#3891=AXIS2_PLACEMENT_3D('',#4923,#4140,#4141);
#3892=AXIS2_PLACEMENT_3D('',#4926,#4144,#4145);
#3893=AXIS2_PLACEMENT_3D('',#4932,#4149,#4150);
#3894=AXIS2_PLACEMENT_3D('',#4941,#4155,#4156);
#3895=AXIS2_PLACEMENT_3D('',#4942,#4157,#4158);
#3896=AXIS2_PLACEMENT_3D('',#4950,#4162,#4163);
#3897=AXIS2_PLACEMENT_3D('',#4963,#4170,#4171);
#3898=AXIS2_PLACEMENT_3D('',#4964,#4172,#4173);
#3899=AXIS2_PLACEMENT_3D('',#4967,#4174,#4175);
#3900=AXIS2_PLACEMENT_3D('',#4971,#4177,#4178);
#3901=AXIS2_PLACEMENT_3D('',#4974,#4180,#4181);
#3902=AXIS2_PLACEMENT_3D('',#4991,#4190,#4191);
#3903=AXIS2_PLACEMENT_3D('',#4992,#4192,#4193);
#3904=AXIS2_PLACEMENT_3D('',#4996,#4195,#4196);
#3905=AXIS2_PLACEMENT_3D('',#4997,#4197,#4198);
#3906=AXIS2_PLACEMENT_3D('',#4998,#4199,#4200);
#3907=AXIS2_PLACEMENT_3D('',#5002,#4202,#4203);
#3908=AXIS2_PLACEMENT_3D('',#5003,#4204,#4205);
#3909=AXIS2_PLACEMENT_3D('',#5006,#4208,#4209);
#3910=AXIS2_PLACEMENT_3D('',#5009,#4212,#4213);
#3911=AXIS2_PLACEMENT_3D('',#5015,#4217,#4218);
#3912=AXIS2_PLACEMENT_3D('',#5019,#4221,#4222);
#3913=AXIS2_PLACEMENT_3D('',#5022,#4224,#4225);
#3914=AXIS2_PLACEMENT_3D('',#5029,#4229,#4230);
#3915=AXIS2_PLACEMENT_3D('',#5037,#4234,#4235);
#3916=AXIS2_PLACEMENT_3D('',#5038,#4236,#4237);
#3917=AXIS2_PLACEMENT_3D('',#5039,#4238,#4239);
#3918=AXIS2_PLACEMENT_3D('',#5048,#4244,#4245);
#3919=AXIS2_PLACEMENT_3D('',#5054,#4249,#4250);
#3920=AXIS2_PLACEMENT_3D('',#5060,#4254,#4255);
#3921=AXIS2_PLACEMENT_3D('',#5066,#4259,#4260);
#3922=AXIS2_PLACEMENT_3D('',#5075,#4265,#4266);
#3923=AXIS2_PLACEMENT_3D('',#5081,#4270,#4271);
#3924=AXIS2_PLACEMENT_3D('',#5087,#4275,#4276);
#3925=AXIS2_PLACEMENT_3D('',#5096,#4281,#4282);
#3926=AXIS2_PLACEMENT_3D('',#5102,#4286,#4287);
#3927=AXIS2_PLACEMENT_3D('',#5108,#4291,#4292);
#3928=AXIS2_PLACEMENT_3D('',#5117,#4297,#4298);
#3929=AXIS2_PLACEMENT_3D('',#5123,#4302,#4303);
#3930=AXIS2_PLACEMENT_3D('',#5129,#4307,#4308);
#3931=AXIS2_PLACEMENT_3D('',#5130,#4309,#4310);
#3932=AXIS2_PLACEMENT_3D('',#5131,#4311,#4312);
#3933=AXIS2_PLACEMENT_3D('',#5132,#4313,#4314);
#3934=AXIS2_PLACEMENT_3D('',#5134,#4316,#4317);
#3935=AXIS2_PLACEMENT_3D('',#5135,#4318,#4319);
#3936=AXIS2_PLACEMENT_3D('',#5140,#4322,#4323);
#3937=AXIS2_PLACEMENT_3D('',#5141,#4324,#4325);
#3938=AXIS2_PLACEMENT_3D('',#5142,#4326,#4327);
#3939=AXIS2_PLACEMENT_3D('',#5145,#4329,#4330);
#3940=AXIS2_PLACEMENT_3D('',#5146,#4331,#4332);
#3941=AXIS2_PLACEMENT_3D('',#5148,#4333,#4334);
#3942=AXIS2_PLACEMENT_3D('',#5152,#4336,#4337);
#3943=AXIS2_PLACEMENT_3D('',#5153,#4338,#4339);
#3944=AXIS2_PLACEMENT_3D('',#5157,#4342,#4343);
#3945=AXIS2_PLACEMENT_3D('',#5162,#4346,#4347);
#3946=AXIS2_PLACEMENT_3D('',#5163,#4348,#4349);
#3947=AXIS2_PLACEMENT_3D('',#5164,#4350,#4351);
#3948=AXIS2_PLACEMENT_3D('',#5167,#4353,#4354);
#3949=AXIS2_PLACEMENT_3D('',#5171,#4356,#4357);
#3950=AXIS2_PLACEMENT_3D('',#5172,#4358,#4359);
#3951=AXIS2_PLACEMENT_3D('',#5173,#4360,#4361);
#3952=AXIS2_PLACEMENT_3D('',#5177,#4364,#4365);
#3953=AXIS2_PLACEMENT_3D('',#5182,#4368,#4369);
#3954=AXIS2_PLACEMENT_3D('',#5183,#4370,#4371);
#3955=AXIS2_PLACEMENT_3D('',#5184,#4372,#4373);
#3956=AXIS2_PLACEMENT_3D('',#5187,#4375,#4376);
#3957=AXIS2_PLACEMENT_3D('',#5191,#4378,#4379);
#3958=AXIS2_PLACEMENT_3D('',#5192,#4380,#4381);
#3959=AXIS2_PLACEMENT_3D('',#5193,#4382,#4383);
#3960=AXIS2_PLACEMENT_3D('',#5197,#4386,#4387);
#3961=AXIS2_PLACEMENT_3D('',#5206,#4392,#4393);
#3962=AXIS2_PLACEMENT_3D('',#5212,#4397,#4398);
#3963=AXIS2_PLACEMENT_3D('',#5218,#4402,#4403);
#3964=AXIS2_PLACEMENT_3D('',#5220,#4405,#4406);
#3965=AXIS2_PLACEMENT_3D('',#5224,#4409,#4410);
#3966=AXIS2_PLACEMENT_3D('',#5232,#4415,#4416);
#3967=AXIS2_PLACEMENT_3D('',#5236,#4418,#4419);
#3968=AXIS2_PLACEMENT_3D('',#5237,#4420,#4421);
#3969=AXIS2_PLACEMENT_3D('',#5238,#4422,#4423);
#3970=AXIS2_PLACEMENT_3D('',#5242,#4425,#4426);
#3971=AXIS2_PLACEMENT_3D('',#5246,#4428,#4429);
#3972=AXIS2_PLACEMENT_3D('',#5247,#4430,#4431);
#3973=AXIS2_PLACEMENT_3D('',#5250,#4434,#4435);
#3974=AXIS2_PLACEMENT_3D('',#5252,#4437,#4438);
#3975=AXIS2_PLACEMENT_3D('',#5256,#4441,#4442);
#3976=AXIS2_PLACEMENT_3D('',#5264,#4447,#4448);
#3977=AXIS2_PLACEMENT_3D('',#5265,#4449,#4450);
#3978=AXIS2_PLACEMENT_3D('',#5267,#4451,#4452);
#3979=AXIS2_PLACEMENT_3D('',#5270,#4454,#4455);
#3980=AXIS2_PLACEMENT_3D('',#5271,#4456,#4457);
#3981=AXIS2_PLACEMENT_3D('',#5276,#4459,#4460);
#3982=AXIS2_PLACEMENT_3D('',#5279,#4462,#4463);
#3983=AXIS2_PLACEMENT_3D('',#5282,#4466,#4467);
#3984=AXIS2_PLACEMENT_3D('',#5284,#4469,#4470);
#3985=AXIS2_PLACEMENT_3D('',#5288,#4473,#4474);
#3986=AXIS2_PLACEMENT_3D('',#5296,#4479,#4480);
#3987=AXIS2_PLACEMENT_3D('',#5297,#4481,#4482);
#3988=AXIS2_PLACEMENT_3D('',#5299,#4483,#4484);
#3989=AXIS2_PLACEMENT_3D('',#5302,#4486,#4487);
#3990=AXIS2_PLACEMENT_3D('',#5303,#4488,#4489);
#3991=AXIS2_PLACEMENT_3D('',#5308,#4491,#4492);
#3992=AXIS2_PLACEMENT_3D('',#5311,#4494,#4495);
#3993=AXIS2_PLACEMENT_3D('',#5314,#4498,#4499);
#3994=AXIS2_PLACEMENT_3D('',#5316,#4501,#4502);
#3995=AXIS2_PLACEMENT_3D('',#5322,#4506,#4507);
#3996=AXIS2_PLACEMENT_3D('',#5328,#4511,#4512);
#3997=AXIS2_PLACEMENT_3D('',#5334,#4516,#4517);
#3998=AXIS2_PLACEMENT_3D('',#5343,#4522,#4523);
#3999=AXIS2_PLACEMENT_3D('',#5349,#4527,#4528);
#4000=AXIS2_PLACEMENT_3D('',#5355,#4532,#4533);
#4001=AXIS2_PLACEMENT_3D('',#5361,#4537,#4538);
#4002=AXIS2_PLACEMENT_3D('',#5367,#4542,#4543);
#4003=AXIS2_PLACEMENT_3D('',#5373,#4547,#4548);
#4004=AXIS2_PLACEMENT_3D('',#5374,#4549,#4550);
#4005=AXIS2_PLACEMENT_3D('',#5376,#4551,#4552);
#4006=AXIS2_PLACEMENT_3D('',#5379,#4554,#4555);
#4007=AXIS2_PLACEMENT_3D('',#5383,#4558,#4559);
#4008=AXIS2_PLACEMENT_3D('',#5384,#4560,#4561);
#4009=AXIS2_PLACEMENT_3D('',#5388,#4563,#4564);
#4010=AXIS2_PLACEMENT_3D('',#5389,#4565,#4566);
#4011=AXIS2_PLACEMENT_3D('',#5393,#4569,#4570);
#4012=AXIS2_PLACEMENT_3D('',#5397,#4573,#4574);
#4013=AXIS2_PLACEMENT_3D('',#5403,#4578,#4579);
#4014=AXIS2_PLACEMENT_3D('',#5407,#4582,#4583);
#4015=AXIS2_PLACEMENT_3D('',#5413,#4587,#4588);
#4016=AXIS2_PLACEMENT_3D('',#5417,#4591,#4592);
#4017=AXIS2_PLACEMENT_3D('',#5421,#4595,#4596);
#4018=AXIS2_PLACEMENT_3D('',#5427,#4600,#4601);
#4019=AXIS2_PLACEMENT_3D('',#5431,#4604,#4605);
#4020=AXIS2_PLACEMENT_3D('',#5435,#4608,#4609);
#4021=AXIS2_PLACEMENT_3D('',#5436,#4610,#4611);
#4022=AXIS2_PLACEMENT_3D('',#5437,#4612,#4613);
#4023=AXIS2_PLACEMENT_3D('',#5438,#4614,#4615);
#4024=AXIS2_PLACEMENT_3D('',#5439,#4616,#4617);
#4025=AXIS2_PLACEMENT_3D('',#5441,#4619,#4620);
#4026=AXIS2_PLACEMENT_3D('',#5442,#4621,#4622);
#4027=AXIS2_PLACEMENT_3D('',#5444,#4623,#4624);
#4028=AXIS2_PLACEMENT_3D('',#5447,#4626,#4627);
#4029=AXIS2_PLACEMENT_3D('',#5451,#4630,#4631);
#4030=AXIS2_PLACEMENT_3D('',#5452,#4632,#4633);
#4031=AXIS2_PLACEMENT_3D('',#5456,#4635,#4636);
#4032=AXIS2_PLACEMENT_3D('',#5457,#4637,#4638);
#4033=AXIS2_PLACEMENT_3D('',#5461,#4641,#4642);
#4034=AXIS2_PLACEMENT_3D('',#5477,#4653,#4654);
#4035=AXIS2_PLACEMENT_3D('',#5481,#4657,#4658);
#4036=AXIS2_PLACEMENT_3D('',#5489,#4663,#4664);
#4037=AXIS2_PLACEMENT_3D('',#5490,#4665,#4666);
#4038=AXIS2_PLACEMENT_3D('',#5494,#4668,#4669);
#4039=AXIS2_PLACEMENT_3D('',#5495,#4670,#4671);
#4040=AXIS2_PLACEMENT_3D('',#5496,#4672,#4673);
#4041=AXIS2_PLACEMENT_3D('',#5501,#4675,#4676);
#4042=AXIS2_PLACEMENT_3D('',#5504,#4678,#4679);
#4043=AXIS2_PLACEMENT_3D('',#5507,#4682,#4683);
#4044=AXIS2_PLACEMENT_3D('',#5509,#4685,#4686);
#4045=AXIS2_PLACEMENT_3D('',#5516,#4691,#4692);
#4046=AXIS2_PLACEMENT_3D('',#5518,#4694,#4695);
#4047=AXIS2_PLACEMENT_3D('',#5522,#4698,#4699);
#4048=AXIS2_PLACEMENT_3D('',#5530,#4704,#4705);
#4049=AXIS2_PLACEMENT_3D('',#5531,#4706,#4707);
#4050=AXIS2_PLACEMENT_3D('',#5535,#4709,#4710);
#4051=AXIS2_PLACEMENT_3D('',#5536,#4711,#4712);
#4052=AXIS2_PLACEMENT_3D('',#5537,#4713,#4714);
#4053=AXIS2_PLACEMENT_3D('',#5542,#4716,#4717);
#4054=AXIS2_PLACEMENT_3D('',#5545,#4719,#4720);
#4055=AXIS2_PLACEMENT_3D('',#5548,#4723,#4724);
#4056=AXIS2_PLACEMENT_3D('',#5550,#4726,#4727);
#4057=AXIS2_PLACEMENT_3D('',#5556,#4731,#4732);
#4058=AXIS2_PLACEMENT_3D('',#5562,#4736,#4737);
#4059=AXIS2_PLACEMENT_3D('',#5566,#4740,#4741);
#4060=AXIS2_PLACEMENT_3D('',#5570,#4744,#4745);
#4061=AXIS2_PLACEMENT_3D('',#5576,#4749,#4750);
#4062=AXIS2_PLACEMENT_3D('',#5582,#4754,#4755);
#4063=AXIS2_PLACEMENT_3D('',#5586,#4758,#4759);
#4064=AXIS2_PLACEMENT_3D('',#5590,#4762,#4763);
#4065=AXIS2_PLACEMENT_3D('',#5594,#4766,#4767);
#4066=AXIS2_PLACEMENT_3D('',#5595,#4768,#4769);
#4067=AXIS2_PLACEMENT_3D('',#5600,#4772,#4773);
#4068=AXIS2_PLACEMENT_3D('',#5602,#4775,#4776);
#4069=AXIS2_PLACEMENT_3D('',#5608,#4780,#4781);
#4070=AXIS2_PLACEMENT_3D('',#5612,#4784,#4785);
#4071=AXIS2_PLACEMENT_3D('',#5618,#4789,#4790);
#4072=AXIS2_PLACEMENT_3D('',#5622,#4793,#4794);
#4073=AXIS2_PLACEMENT_3D('',#5626,#4797,#4798);
#4074=AXIS2_PLACEMENT_3D('',#5627,#4799,#4800);
#4075=AXIS2_PLACEMENT_3D('',#5631,#4803,#4804);
#4076=AXIS2_PLACEMENT_3D('',#5633,#4806,#4807);
#4077=AXIS2_PLACEMENT_3D('',#5635,#4809,#4810);
#4078=AXIS2_PLACEMENT_3D('',#5637,#4812,#4813);
#4079=AXIS2_PLACEMENT_3D('',#5639,#4815,#4816);
#4080=AXIS2_PLACEMENT_3D('',#5645,#4820,#4821);
#4081=AXIS2_PLACEMENT_3D('',#5646,#4822,#4823);
#4082=AXIS2_PLACEMENT_3D('',#5650,#4825,#4826);
#4083=AXIS2_PLACEMENT_3D('',#5651,#4827,#4828);
#4084=AXIS2_PLACEMENT_3D('',#5657,#4832,#4833);
#4085=AXIS2_PLACEMENT_3D('',#5669,#4842,#4843);
#4086=AXIS2_PLACEMENT_3D('',#5673,#4847,#4848);
#4087=AXIS2_PLACEMENT_3D('',#5674,#4849,#4850);
#4088=AXIS2_PLACEMENT_3D('',#5678,#4852,#4853);
#4089=AXIS2_PLACEMENT_3D('',#5679,#4854,#4855);
#4090=AXIS2_PLACEMENT_3D('',#5682,#4858,#4859);
#4091=AXIS2_PLACEMENT_3D('',#5683,#4860,#4861);
#4092=AXIS2_PLACEMENT_3D('',#5684,#4862,#4863);
#4093=AXIS2_PLACEMENT_3D('',#5685,#4864,#4865);
#4094=AXIS2_PLACEMENT_3D('',#5686,#4866,#4867);
#4095=AXIS2_PLACEMENT_3D('',#5687,#4868,#4869);
#4096=AXIS2_PLACEMENT_3D('',#5688,#4870,#4871);
#4097=AXIS2_PLACEMENT_3D('',#5690,#4872,#4873);
#4098=AXIS2_PLACEMENT_3D('Base',#5691,#4874,#4875);
#4099=DIRECTION('',(0.,0.,1.));
#4100=DIRECTION('',(1.,0.,0.));
#4101=DIRECTION('',(-1.,0.,0.));
#4102=DIRECTION('',(0.,0.,1.));
#4103=DIRECTION('',(0.24809684649,0.,-0.9687352346032));
#4104=DIRECTION('',(-0.9687352346032,0.,-0.24809684649));
#4105=DIRECTION('',(1.,0.,0.));
#4106=DIRECTION('',(0.,0.,-1.));
#4107=DIRECTION('',(-1.,0.,0.));
#4108=DIRECTION('',(0.24809684649,0.,0.9687352346032));
#4109=DIRECTION('',(-0.9687352346032,0.,0.24809684649));
#4110=DIRECTION('',(-1.,0.,0.));
#4111=DIRECTION('',(-0.24809684649,0.,0.9687352346032));
#4112=DIRECTION('',(0.9687352346032,0.,0.24809684649));
#4113=DIRECTION('',(0.,1.,0.));
#4114=DIRECTION('',(0.,1.,0.));
#4115=DIRECTION('',(0.965698790465409,0.0791142131408872,0.24731920138304));
#4116=DIRECTION('',(0.,0.952455366216087,-0.304678150457462));
#4117=DIRECTION('',(0.,0.304678150457462,0.952455366216087));
#4118=DIRECTION('',(-1.,0.,0.));
#4119=DIRECTION('',(0.,-0.304678150457462,-0.952455366216087));
#4120=DIRECTION('',(0.,0.304678150457462,0.952455366216087));
#4121=DIRECTION('',(-1.,0.,0.));
#4122=DIRECTION('',(0.,0.304678150457462,0.952455366216087));
#4123=DIRECTION('',(-0.965698790465409,0.0791142131408872,0.24731920138304));
#4124=DIRECTION('',(0.,-0.304678150457462,-0.952455366216087));
#4125=DIRECTION('',(-1.,0.,0.));
#4126=DIRECTION('',(0.,0.,1.));
#4127=DIRECTION('',(-1.,0.,0.));
#4128=DIRECTION('',(1.,0.,0.));
#4129=DIRECTION('',(0.,0.,-1.));
#4130=DIRECTION('',(1.,0.,0.));
#4131=DIRECTION('',(0.,1.,0.));
#4132=DIRECTION('',(-1.,0.,0.));
#4133=DIRECTION('',(0.,0.,1.));
#4134=DIRECTION('',(-1.,0.,0.));
#4135=DIRECTION('',(1.,0.,0.));
#4136=DIRECTION('',(0.,0.,-1.));
#4137=DIRECTION('',(-1.,0.,0.));
#4138=DIRECTION('',(-1.,0.,0.));
#4139=DIRECTION('',(0.,1.,0.));
#4140=DIRECTION('',(0.,-0.952455366216086,0.304678150457463));
#4141=DIRECTION('',(0.,-0.304678150457463,-0.952455366216086));
#4142=DIRECTION('',(0.,0.304678150457463,0.952455366216086));
#4143=DIRECTION('',(0.,0.304678150457463,0.952455366216087));
#4144=DIRECTION('',(0.,6.53953804883311E-15,-1.));
#4145=DIRECTION('',(0.,1.,6.53953804883311E-15));
#4146=DIRECTION('',(-1.,0.,0.));
#4147=DIRECTION('',(0.,-1.,-6.53953804883311E-15));
#4148=DIRECTION('',(0.,-1.,-6.53953804883311E-15));
#4149=DIRECTION('',(0.,8.61337475915238E-17,1.));
#4150=DIRECTION('',(0.,-1.,8.61337475915238E-17));
#4151=DIRECTION('',(-1.,0.,0.));
#4152=DIRECTION('',(0.,1.,0.));
#4153=DIRECTION('',(-1.,0.,0.));
#4154=DIRECTION('',(0.,1.,-8.61337475915238E-17));
#4155=DIRECTION('',(-0.24809684649,0.,-0.9687352346032));
#4156=DIRECTION('',(-0.9687352346032,0.,0.24809684649));
#4157=DIRECTION('',(0.24809684649,0.,0.9687352346032));
#4158=DIRECTION('',(-0.9687352346032,0.,0.24809684649));
#4159=DIRECTION('',(0.,1.,0.));
#4160=DIRECTION('',(-0.965698790465409,0.0791142131408872,0.24731920138304));
#4161=DIRECTION('',(0.,1.,0.));
#4162=DIRECTION('',(0.,8.61337475915238E-17,-1.));
#4163=DIRECTION('',(0.,1.,8.61337475915238E-17));
#4164=DIRECTION('',(0.,-1.,-8.61337475915238E-17));
#4165=DIRECTION('',(-1.,0.,0.));
#4166=DIRECTION('',(0.,-1.,0.));
#4167=DIRECTION('',(-1.,0.,0.));
#4168=DIRECTION('',(0.,-1.,-8.61337475915238E-17));
#4169=DIRECTION('',(-1.,0.,0.));
#4170=DIRECTION('',(-1.,0.,0.));
#4171=DIRECTION('',(0.,0.,1.));
#4172=DIRECTION('',(1.,0.,0.));
#4173=DIRECTION('',(0.,0.,-1.));
#4174=DIRECTION('',(-0.24809684649,0.,0.9687352346032));
#4175=DIRECTION('',(-0.9687352346032,0.,-0.24809684649));
#4176=DIRECTION('',(-1.,0.,0.));
#4177=DIRECTION('',(-0.24809684649,0.,-0.9687352346032));
#4178=DIRECTION('',(-0.9687352346032,0.,0.24809684649));
#4179=DIRECTION('',(-1.,0.,0.));
#4180=DIRECTION('',(0.,0.952455366216087,0.304678150457462));
#4181=DIRECTION('',(0.,-0.304678150457462,0.952455366216087));
#4182=DIRECTION('',(0.,0.304678150457462,-0.952455366216087));
#4183=DIRECTION('',(-1.,0.,0.));
#4184=DIRECTION('',(0.,0.304678150457462,-0.952455366216087));
#4185=DIRECTION('',(-0.965698790465409,-0.0791142131408872,0.24731920138304));
#4186=DIRECTION('',(0.,-0.304678150457462,0.952455366216087));
#4187=DIRECTION('',(-1.,0.,0.));
#4188=DIRECTION('',(0.,-0.304678150457462,0.952455366216087));
#4189=DIRECTION('',(0.965698790465409,-0.0791142131408872,0.24731920138304));
#4190=DIRECTION('',(-1.,0.,0.));
#4191=DIRECTION('',(0.,0.,1.));
#4192=DIRECTION('',(1.,0.,0.));
#4193=DIRECTION('',(0.,0.,-1.));
#4194=DIRECTION('',(-1.,0.,0.));
#4195=DIRECTION('',(-1.,0.,0.));
#4196=DIRECTION('',(0.,1.,0.));
#4197=DIRECTION('',(-1.,0.,0.));
#4198=DIRECTION('',(0.,0.,1.));
#4199=DIRECTION('',(1.,0.,0.));
#4200=DIRECTION('',(0.,0.,-1.));
#4201=DIRECTION('',(-1.,0.,0.));
#4202=DIRECTION('',(1.,0.,0.));
#4203=DIRECTION('',(0.,1.,0.));
#4204=DIRECTION('',(0.,-0.952455366216086,-0.304678150457463));
#4205=DIRECTION('',(0.,0.304678150457463,-0.952455366216086));
#4206=DIRECTION('',(0.,-0.304678150457463,0.952455366216086));
#4207=DIRECTION('',(0.,-0.304678150457463,0.952455366216087));
#4208=DIRECTION('',(-0.24809684649,0.,0.9687352346032));
#4209=DIRECTION('',(0.9687352346032,0.,0.24809684649));
#4210=DIRECTION('',(0.,1.,0.));
#4211=DIRECTION('',(0.,-1.,0.));
#4212=DIRECTION('',(0.,6.53953804883311E-15,1.));
#4213=DIRECTION('',(0.,-1.,6.53953804883311E-15));
#4214=DIRECTION('',(0.,1.,-6.53953804883311E-15));
#4215=DIRECTION('',(-1.,0.,0.));
#4216=DIRECTION('',(0.,1.,-6.53953804883311E-15));
#4217=DIRECTION('',(-1.,0.,0.));
#4218=DIRECTION('',(0.,0.,1.));
#4219=DIRECTION('',(0.,-0.156434465040231,0.987688340595138));
#4220=DIRECTION('',(0.,0.156434465040231,0.987688340595138));
#4221=DIRECTION('',(-1.,0.,0.));
#4222=DIRECTION('',(0.,0.,1.));
#4223=DIRECTION('',(0.,0.304678150457462,0.952455366216087));
#4224=DIRECTION('',(1.,0.,0.));
#4225=DIRECTION('',(0.,0.,1.));
#4226=DIRECTION('',(0.,1.,0.));
#4227=DIRECTION('',(0.,0.,-1.));
#4228=DIRECTION('',(0.,1.,0.));
#4229=DIRECTION('',(-0.24809684649,0.,0.9687352346032));
#4230=DIRECTION('',(0.9687352346032,0.,0.24809684649));
#4231=DIRECTION('',(0.,1.,0.));
#4232=DIRECTION('',(0.965698790465409,0.0791142131408872,0.24731920138304));
#4233=DIRECTION('',(0.,1.,0.));
#4234=DIRECTION('',(0.24809684649,0.,-0.9687352346032));
#4235=DIRECTION('',(-0.9687352346032,0.,-0.24809684649));
#4236=DIRECTION('',(-1.,0.,0.));
#4237=DIRECTION('',(0.,0.,1.));
#4238=DIRECTION('',(1.,0.,0.));
#4239=DIRECTION('',(0.,0.,1.));
#4240=DIRECTION('',(0.,0.304678150457462,0.952455366216087));
#4241=DIRECTION('',(0.,1.,0.));
#4242=DIRECTION('',(0.,0.,-1.));
#4243=DIRECTION('',(0.,1.,0.));
#4244=DIRECTION('',(0.,-4.35245380953646E-14,-1.));
#4245=DIRECTION('',(0.,1.,-4.35245380953646E-14));
#4246=DIRECTION('',(0.,-1.,0.));
#4247=DIRECTION('',(0.,-1.,0.));
#4248=DIRECTION('',(-1.,0.,0.));
#4249=DIRECTION('',(0.,-1.,0.));
#4250=DIRECTION('',(0.,0.,-1.));
#4251=DIRECTION('',(0.,0.,-1.));
#4252=DIRECTION('',(0.,0.,-1.));
#4253=DIRECTION('',(-1.,0.,0.));
#4254=DIRECTION('',(0.,3.38372189803047E-14,1.));
#4255=DIRECTION('',(0.,-1.,3.38372189803047E-14));
#4256=DIRECTION('',(0.,-1.,0.));
#4257=DIRECTION('',(0.,-1.,0.));
#4258=DIRECTION('',(-1.,0.,0.));
#4259=DIRECTION('',(0.,-4.35245380953646E-14,-1.));
#4260=DIRECTION('',(0.,1.,-4.35245380953646E-14));
#4261=DIRECTION('',(0.,-1.,0.));
#4262=DIRECTION('',(-1.,0.,0.));
#4263=DIRECTION('',(0.,-1.,0.));
#4264=DIRECTION('',(-1.,0.,0.));
#4265=DIRECTION('',(0.,-1.,0.));
#4266=DIRECTION('',(0.,0.,-1.));
#4267=DIRECTION('',(0.,0.,-1.));
#4268=DIRECTION('',(-1.,0.,0.));
#4269=DIRECTION('',(0.,0.,-1.));
#4270=DIRECTION('',(0.,3.38372189803047E-14,1.));
#4271=DIRECTION('',(0.,-1.,3.38372189803047E-14));
#4272=DIRECTION('',(0.,-1.,0.));
#4273=DIRECTION('',(-1.,0.,0.));
#4274=DIRECTION('',(0.,-1.,0.));
#4275=DIRECTION('',(0.,-4.35245380953646E-14,-1.));
#4276=DIRECTION('',(0.,1.,-4.35245380953646E-14));
#4277=DIRECTION('',(0.,-1.,0.));
#4278=DIRECTION('',(-1.,0.,0.));
#4279=DIRECTION('',(0.,-1.,0.));
#4280=DIRECTION('',(-1.,0.,0.));
#4281=DIRECTION('',(0.,-1.,0.));
#4282=DIRECTION('',(0.,0.,-1.));
#4283=DIRECTION('',(0.,0.,-1.));
#4284=DIRECTION('',(-1.,0.,0.));
#4285=DIRECTION('',(0.,0.,-1.));
#4286=DIRECTION('',(0.,3.38372189803047E-14,1.));
#4287=DIRECTION('',(0.,-1.,3.38372189803047E-14));
#4288=DIRECTION('',(0.,-1.,0.));
#4289=DIRECTION('',(-1.,0.,0.));
#4290=DIRECTION('',(0.,-1.,0.));
#4291=DIRECTION('',(0.,-4.35245380953646E-14,-1.));
#4292=DIRECTION('',(0.,1.,-4.35245380953646E-14));
#4293=DIRECTION('',(0.,-1.,0.));
#4294=DIRECTION('',(-1.,0.,0.));
#4295=DIRECTION('',(0.,-1.,0.));
#4296=DIRECTION('',(-1.,0.,0.));
#4297=DIRECTION('',(0.,-1.,0.));
#4298=DIRECTION('',(0.,0.,-1.));
#4299=DIRECTION('',(0.,0.,-1.));
#4300=DIRECTION('',(-1.,0.,0.));
#4301=DIRECTION('',(0.,0.,-1.));
#4302=DIRECTION('',(0.,3.38372189803047E-14,1.));
#4303=DIRECTION('',(0.,-1.,3.38372189803047E-14));
#4304=DIRECTION('',(0.,-1.,0.));
#4305=DIRECTION('',(-1.,0.,0.));
#4306=DIRECTION('',(0.,-1.,0.));
#4307=DIRECTION('',(-1.,0.,0.));
#4308=DIRECTION('',(0.,0.,1.));
#4309=DIRECTION('',(-1.,0.,0.));
#4310=DIRECTION('',(0.,0.,1.));
#4311=DIRECTION('',(-1.,0.,0.));
#4312=DIRECTION('',(0.,0.,1.));
#4313=DIRECTION('',(-1.,0.,0.));
#4314=DIRECTION('',(0.,0.,1.));
#4315=DIRECTION('',(0.,-1.,0.));
#4316=DIRECTION('',(-1.,0.,0.));
#4317=DIRECTION('',(0.,0.,1.));
#4318=DIRECTION('',(-1.,0.,0.));
#4319=DIRECTION('',(0.,0.,1.));
#4320=DIRECTION('',(0.,-0.304678150457462,0.952455366216087));
#4321=DIRECTION('',(0.,-1.,0.));
#4322=DIRECTION('',(-1.,0.,0.));
#4323=DIRECTION('',(0.,0.,1.));
#4324=DIRECTION('',(-1.,0.,0.));
#4325=DIRECTION('',(0.,0.,1.));
#4326=DIRECTION('',(-1.,0.,0.));
#4327=DIRECTION('',(0.,0.,1.));
#4328=DIRECTION('',(-1.,0.,0.));
#4329=DIRECTION('',(-1.,0.,0.));
#4330=DIRECTION('',(0.,0.,1.));
#4331=DIRECTION('',(-0.24809684649,0.,-0.9687352346032));
#4332=DIRECTION('',(-0.9687352346032,0.,0.24809684649));
#4333=DIRECTION('',(1.,0.,0.));
#4334=DIRECTION('',(0.,0.,-1.));
#4335=DIRECTION('',(-1.,0.,0.));
#4336=DIRECTION('',(-0.24809684649,0.,0.9687352346032));
#4337=DIRECTION('',(-0.9687352346032,0.,-0.24809684649));
#4338=DIRECTION('',(-1.,0.,0.));
#4339=DIRECTION('',(0.,0.,1.));
#4340=DIRECTION('',(0.,-1.,0.));
#4341=DIRECTION('',(0.,-0.304678150457462,0.952455366216087));
#4342=DIRECTION('',(-1.,0.,0.));
#4343=DIRECTION('',(0.,0.,1.));
#4344=DIRECTION('',(0.,-0.304678150457462,0.952455366216087));
#4345=DIRECTION('',(0.,-1.,0.));
#4346=DIRECTION('',(-1.,0.,0.));
#4347=DIRECTION('',(0.,0.,1.));
#4348=DIRECTION('',(-1.,0.,0.));
#4349=DIRECTION('',(0.,0.,1.));
#4350=DIRECTION('',(-1.,0.,0.));
#4351=DIRECTION('',(0.,0.,1.));
#4352=DIRECTION('',(-1.,0.,0.));
#4353=DIRECTION('',(-1.,0.,0.));
#4354=DIRECTION('',(0.,0.,1.));
#4355=DIRECTION('',(-1.,0.,0.));
#4356=DIRECTION('',(-0.24809684649,0.,0.9687352346032));
#4357=DIRECTION('',(-0.9687352346032,0.,-0.24809684649));
#4358=DIRECTION('',(-0.24809684649,0.,-0.9687352346032));
#4359=DIRECTION('',(-0.9687352346032,0.,0.24809684649));
#4360=DIRECTION('',(-1.,0.,0.));
#4361=DIRECTION('',(0.,0.,1.));
#4362=DIRECTION('',(0.,-1.,0.));
#4363=DIRECTION('',(0.,-0.304678150457462,0.952455366216087));
#4364=DIRECTION('',(-1.,0.,0.));
#4365=DIRECTION('',(0.,0.,1.));
#4366=DIRECTION('',(0.,-0.304678150457462,0.952455366216087));
#4367=DIRECTION('',(0.,-1.,0.));
#4368=DIRECTION('',(-1.,0.,0.));
#4369=DIRECTION('',(0.,0.,1.));
#4370=DIRECTION('',(-1.,0.,0.));
#4371=DIRECTION('',(0.,0.,1.));
#4372=DIRECTION('',(-1.,0.,0.));
#4373=DIRECTION('',(0.,0.,1.));
#4374=DIRECTION('',(-1.,0.,0.));
#4375=DIRECTION('',(-1.,0.,0.));
#4376=DIRECTION('',(0.,0.,1.));
#4377=DIRECTION('',(-1.,0.,0.));
#4378=DIRECTION('',(-0.24809684649,0.,0.9687352346032));
#4379=DIRECTION('',(-0.9687352346032,0.,-0.24809684649));
#4380=DIRECTION('',(-0.24809684649,0.,-0.9687352346032));
#4381=DIRECTION('',(-0.9687352346032,0.,0.24809684649));
#4382=DIRECTION('',(-1.,0.,0.));
#4383=DIRECTION('',(0.,0.,1.));
#4384=DIRECTION('',(0.,-1.,0.));
#4385=DIRECTION('',(0.,-0.304678150457462,0.952455366216087));
#4386=DIRECTION('',(0.,-4.35245380953646E-14,1.));
#4387=DIRECTION('',(0.,-1.,-4.35245380953646E-14));
#4388=DIRECTION('',(-1.,0.,0.));
#4389=DIRECTION('',(0.,1.,0.));
#4390=DIRECTION('',(-1.,0.,0.));
#4391=DIRECTION('',(0.,1.,0.));
#4392=DIRECTION('',(0.,-1.,0.));
#4393=DIRECTION('',(0.,0.,-1.));
#4394=DIRECTION('',(0.,0.,-1.));
#4395=DIRECTION('',(0.,0.,-1.));
#4396=DIRECTION('',(-1.,0.,0.));
#4397=DIRECTION('',(0.,3.38372189803047E-14,-1.));
#4398=DIRECTION('',(0.,1.,3.38372189803047E-14));
#4399=DIRECTION('',(0.,1.,0.));
#4400=DIRECTION('',(0.,1.,0.));
#4401=DIRECTION('',(-1.,0.,0.));
#4402=DIRECTION('',(-0.24809684649,0.,-0.9687352346032));
#4403=DIRECTION('',(-0.9687352346032,0.,0.24809684649));
#4404=DIRECTION('',(0.,-1.,0.));
#4405=DIRECTION('',(-0.24809684649,0.,-0.9687352346032));
#4406=DIRECTION('',(-0.9687352346032,0.,0.24809684649));
#4407=DIRECTION('',(0.,-1.,0.));
#4408=DIRECTION('',(-0.965698790465409,-0.0791142131408872,0.24731920138304));
#4409=DIRECTION('',(0.,0.952455366216087,0.304678150457462));
#4410=DIRECTION('',(0.,-0.304678150457462,0.952455366216087));
#4411=DIRECTION('',(-1.,0.,0.));
#4412=DIRECTION('',(0.,0.304678150457462,-0.952455366216087));
#4413=DIRECTION('',(0.965698790465409,-0.0791142131408872,0.24731920138304));
#4414=DIRECTION('',(0.,0.304678150457462,-0.952455366216087));
#4415=DIRECTION('',(-1.,0.,0.));
#4416=DIRECTION('',(0.,0.,1.));
#4417=DIRECTION('',(-1.,0.,0.));
#4418=DIRECTION('',(1.,0.,0.));
#4419=DIRECTION('',(0.,0.,-1.));
#4420=DIRECTION('',(-1.,0.,0.));
#4421=DIRECTION('',(0.,1.,0.));
#4422=DIRECTION('',(-1.,0.,0.));
#4423=DIRECTION('',(0.,0.,1.));
#4424=DIRECTION('',(-1.,0.,0.));
#4425=DIRECTION('',(1.,0.,0.));
#4426=DIRECTION('',(0.,0.,-1.));
#4427=DIRECTION('',(-1.,0.,0.));
#4428=DIRECTION('',(1.,0.,0.));
#4429=DIRECTION('',(0.,1.,0.));
#4430=DIRECTION('',(0.,-0.952455366216086,-0.304678150457463));
#4431=DIRECTION('',(0.,0.304678150457463,-0.952455366216086));
#4432=DIRECTION('',(0.,-0.304678150457463,0.952455366216086));
#4433=DIRECTION('',(0.,-0.304678150457463,0.952455366216087));
#4434=DIRECTION('',(-0.24809684649,0.,0.9687352346032));
#4435=DIRECTION('',(0.9687352346032,0.,0.24809684649));
#4436=DIRECTION('',(0.,-1.,0.));
#4437=DIRECTION('',(-0.24809684649,0.,-0.9687352346032));
#4438=DIRECTION('',(-0.9687352346032,0.,0.24809684649));
#4439=DIRECTION('',(-0.965698790465409,-0.0791142131408872,0.24731920138304));
#4440=DIRECTION('',(0.,-1.,0.));
#4441=DIRECTION('',(0.,0.952455366216087,0.304678150457462));
#4442=DIRECTION('',(0.,-0.304678150457462,0.952455366216087));
#4443=DIRECTION('',(0.965698790465409,-0.0791142131408872,0.24731920138304));
#4444=DIRECTION('',(0.,0.304678150457462,-0.952455366216087));
#4445=DIRECTION('',(-1.,0.,0.));
#4446=DIRECTION('',(0.,0.304678150457462,-0.952455366216087));
#4447=DIRECTION('',(-1.,0.,0.));
#4448=DIRECTION('',(0.,0.,1.));
#4449=DIRECTION('',(-1.,0.,0.));
#4450=DIRECTION('',(0.,1.,0.));
#4451=DIRECTION('',(-1.,0.,0.));
#4452=DIRECTION('',(0.,1.,0.));
#4453=DIRECTION('',(-1.,0.,0.));
#4454=DIRECTION('',(-1.,0.,0.));
#4455=DIRECTION('',(0.,0.,1.));
#4456=DIRECTION('',(1.,0.,0.));
#4457=DIRECTION('',(0.,1.,0.));
#4458=DIRECTION('',(-1.,0.,0.));
#4459=DIRECTION('',(1.,0.,0.));
#4460=DIRECTION('',(0.,1.,0.));
#4461=DIRECTION('',(-1.,0.,0.));
#4462=DIRECTION('',(0.,-0.952455366216086,-0.304678150457463));
#4463=DIRECTION('',(0.,0.304678150457463,-0.952455366216086));
#4464=DIRECTION('',(0.,-0.304678150457463,0.952455366216087));
#4465=DIRECTION('',(0.,-0.304678150457463,0.952455366216087));
#4466=DIRECTION('',(-0.24809684649,0.,0.9687352346032));
#4467=DIRECTION('',(0.9687352346032,0.,0.24809684649));
#4468=DIRECTION('',(0.,-1.,0.));
#4469=DIRECTION('',(-0.24809684649,0.,-0.9687352346032));
#4470=DIRECTION('',(-0.9687352346032,0.,0.24809684649));
#4471=DIRECTION('',(-0.965698790465409,-0.0791142131408872,0.24731920138304));
#4472=DIRECTION('',(0.,-1.,0.));
#4473=DIRECTION('',(0.,0.952455366216087,0.304678150457462));
#4474=DIRECTION('',(0.,-0.304678150457462,0.952455366216087));
#4475=DIRECTION('',(0.965698790465409,-0.0791142131408872,0.24731920138304));
#4476=DIRECTION('',(0.,0.304678150457462,-0.952455366216087));
#4477=DIRECTION('',(-1.,0.,0.));
#4478=DIRECTION('',(0.,0.304678150457462,-0.952455366216087));
#4479=DIRECTION('',(-1.,0.,0.));
#4480=DIRECTION('',(0.,0.,1.));
#4481=DIRECTION('',(-1.,0.,0.));
#4482=DIRECTION('',(0.,1.,0.));
#4483=DIRECTION('',(-1.,0.,0.));
#4484=DIRECTION('',(0.,1.,0.));
#4485=DIRECTION('',(-1.,0.,0.));
#4486=DIRECTION('',(-1.,0.,0.));
#4487=DIRECTION('',(0.,0.,1.));
#4488=DIRECTION('',(1.,0.,0.));
#4489=DIRECTION('',(0.,1.,0.));
#4490=DIRECTION('',(-1.,0.,0.));
#4491=DIRECTION('',(1.,0.,0.));
#4492=DIRECTION('',(0.,1.,0.));
#4493=DIRECTION('',(-1.,0.,0.));
#4494=DIRECTION('',(0.,-0.952455366216086,-0.304678150457463));
#4495=DIRECTION('',(0.,0.304678150457463,-0.952455366216086));
#4496=DIRECTION('',(0.,-0.304678150457463,0.952455366216087));
#4497=DIRECTION('',(0.,-0.304678150457463,0.952455366216087));
#4498=DIRECTION('',(-0.24809684649,0.,0.9687352346032));
#4499=DIRECTION('',(0.9687352346032,0.,0.24809684649));
#4500=DIRECTION('',(0.,-1.,0.));
#4501=DIRECTION('',(0.,-4.35245380953646E-14,1.));
#4502=DIRECTION('',(0.,-1.,-4.35245380953646E-14));
#4503=DIRECTION('',(0.,1.,0.));
#4504=DIRECTION('',(-1.,0.,0.));
#4505=DIRECTION('',(0.,1.,0.));
#4506=DIRECTION('',(0.,-1.,0.));
#4507=DIRECTION('',(0.,0.,-1.));
#4508=DIRECTION('',(0.,0.,-1.));
#4509=DIRECTION('',(-1.,0.,0.));
#4510=DIRECTION('',(0.,0.,-1.));
#4511=DIRECTION('',(0.,3.38372189803047E-14,-1.));
#4512=DIRECTION('',(0.,1.,3.38372189803047E-14));
#4513=DIRECTION('',(0.,1.,0.));
#4514=DIRECTION('',(-1.,0.,0.));
#4515=DIRECTION('',(0.,1.,0.));
#4516=DIRECTION('',(0.,-4.35245380953646E-14,1.));
#4517=DIRECTION('',(0.,-1.,-4.35245380953646E-14));
#4518=DIRECTION('',(-1.,0.,0.));
#4519=DIRECTION('',(0.,1.,0.));
#4520=DIRECTION('',(-1.,0.,0.));
#4521=DIRECTION('',(0.,1.,0.));
#4522=DIRECTION('',(0.,-1.,0.));
#4523=DIRECTION('',(0.,0.,-1.));
#4524=DIRECTION('',(0.,0.,-1.));
#4525=DIRECTION('',(0.,0.,-1.));
#4526=DIRECTION('',(-1.,0.,0.));
#4527=DIRECTION('',(0.,3.38372189803047E-14,-1.));
#4528=DIRECTION('',(0.,1.,3.38372189803047E-14));
#4529=DIRECTION('',(0.,1.,0.));
#4530=DIRECTION('',(0.,1.,0.));
#4531=DIRECTION('',(-1.,0.,0.));
#4532=DIRECTION('',(0.,6.53953804883311E-15,1.));
#4533=DIRECTION('',(0.,-1.,6.53953804883311E-15));
#4534=DIRECTION('',(0.,1.,-6.53953804883311E-15));
#4535=DIRECTION('',(0.,1.,-6.53953804883311E-15));
#4536=DIRECTION('',(-1.,0.,0.));
#4537=DIRECTION('',(0.,6.53953804883311E-15,1.));
#4538=DIRECTION('',(0.,-1.,6.53953804883311E-15));
#4539=DIRECTION('',(0.,1.,-6.53953804883311E-15));
#4540=DIRECTION('',(0.,1.,-6.53953804883311E-15));
#4541=DIRECTION('',(-1.,0.,0.));
#4542=DIRECTION('',(0.,6.53953804883311E-15,1.));
#4543=DIRECTION('',(0.,-1.,6.53953804883311E-15));
#4544=DIRECTION('',(-1.,0.,0.));
#4545=DIRECTION('',(0.,1.,-6.53953804883311E-15));
#4546=DIRECTION('',(0.,1.,-6.53953804883311E-15));
#4547=DIRECTION('',(-1.,0.,0.));
#4548=DIRECTION('',(0.,0.,1.));
#4549=DIRECTION('',(1.,0.,0.));
#4550=DIRECTION('',(0.,0.,1.));
#4551=DIRECTION('',(1.,0.,0.));
#4552=DIRECTION('',(0.,0.,1.));
#4553=DIRECTION('',(-1.,0.,0.));
#4554=DIRECTION('',(-1.,0.,0.));
#4555=DIRECTION('',(0.,0.,1.));
#4556=DIRECTION('',(0.,0.304678150457462,0.952455366216087));
#4557=DIRECTION('',(0.,1.,0.));
#4558=DIRECTION('',(-1.,0.,0.));
#4559=DIRECTION('',(0.,0.,1.));
#4560=DIRECTION('',(0.24809684649,0.,-0.9687352346032));
#4561=DIRECTION('',(-0.9687352346032,0.,-0.24809684649));
#4562=DIRECTION('',(-1.,0.,0.));
#4563=DIRECTION('',(0.24809684649,0.,0.9687352346032));
#4564=DIRECTION('',(-0.9687352346032,0.,0.24809684649));
#4565=DIRECTION('',(-1.,0.,0.));
#4566=DIRECTION('',(0.,0.,1.));
#4567=DIRECTION('',(0.,0.304678150457462,0.952455366216087));
#4568=DIRECTION('',(0.,1.,0.));
#4569=DIRECTION('',(-1.,0.,0.));
#4570=DIRECTION('',(0.,0.,1.));
#4571=DIRECTION('',(0.,0.156434465040231,0.987688340595138));
#4572=DIRECTION('',(0.,-0.156434465040231,0.987688340595138));
#4573=DIRECTION('',(0.,8.61337475915238E-17,-1.));
#4574=DIRECTION('',(0.,1.,8.61337475915238E-17));
#4575=DIRECTION('',(0.,-1.,0.));
#4576=DIRECTION('',(-1.,0.,0.));
#4577=DIRECTION('',(0.,-1.,-8.61337475915238E-17));
#4578=DIRECTION('',(-1.,0.,0.));
#4579=DIRECTION('',(0.,0.,1.));
#4580=DIRECTION('',(0.,-0.156434465040231,0.987688340595138));
#4581=DIRECTION('',(0.,0.156434465040231,0.987688340595138));
#4582=DIRECTION('',(-1.,0.,0.));
#4583=DIRECTION('',(0.,0.,1.));
#4584=DIRECTION('',(0.,0.156434465040231,0.987688340595138));
#4585=DIRECTION('',(0.,-0.156434465040231,0.987688340595138));
#4586=DIRECTION('',(0.,-1.,-8.61337475915238E-17));
#4587=DIRECTION('',(0.,8.61337475915238E-17,-1.));
#4588=DIRECTION('',(0.,1.,8.61337475915238E-17));
#4589=DIRECTION('',(-1.,0.,0.));
#4590=DIRECTION('',(0.,-1.,-8.61337475915238E-17));
#4591=DIRECTION('',(-1.,0.,0.));
#4592=DIRECTION('',(0.,0.,1.));
#4593=DIRECTION('',(0.,-0.156434465040231,0.987688340595138));
#4594=DIRECTION('',(0.,0.156434465040231,0.987688340595138));
#4595=DIRECTION('',(-1.,0.,0.));
#4596=DIRECTION('',(0.,0.,1.));
#4597=DIRECTION('',(0.,0.156434465040231,0.987688340595138));
#4598=DIRECTION('',(0.,-0.156434465040231,0.987688340595138));
#4599=DIRECTION('',(0.,-1.,-8.61337475915238E-17));
#4600=DIRECTION('',(0.,8.61337475915238E-17,-1.));
#4601=DIRECTION('',(0.,1.,8.61337475915238E-17));
#4602=DIRECTION('',(-1.,0.,0.));
#4603=DIRECTION('',(0.,-1.,-8.61337475915238E-17));
#4604=DIRECTION('',(-1.,0.,0.));
#4605=DIRECTION('',(0.,0.,1.));
#4606=DIRECTION('',(0.,-0.156434465040231,0.987688340595138));
#4607=DIRECTION('',(0.,0.156434465040231,0.987688340595138));
#4608=DIRECTION('',(-1.,0.,0.));
#4609=DIRECTION('',(0.,0.,1.));
#4610=DIRECTION('',(1.,0.,0.));
#4611=DIRECTION('',(0.,0.,1.));
#4612=DIRECTION('',(1.,0.,0.));
#4613=DIRECTION('',(0.,0.,1.));
#4614=DIRECTION('',(-1.,0.,0.));
#4615=DIRECTION('',(0.,0.,1.));
#4616=DIRECTION('',(-1.,0.,0.));
#4617=DIRECTION('',(0.,0.,1.));
#4618=DIRECTION('',(0.,1.,0.));
#4619=DIRECTION('',(-1.,0.,0.));
#4620=DIRECTION('',(0.,0.,1.));
#4621=DIRECTION('',(1.,0.,0.));
#4622=DIRECTION('',(0.,0.,1.));
#4623=DIRECTION('',(1.,0.,0.));
#4624=DIRECTION('',(0.,0.,1.));
#4625=DIRECTION('',(-1.,0.,0.));
#4626=DIRECTION('',(-1.,0.,0.));
#4627=DIRECTION('',(0.,0.,1.));
#4628=DIRECTION('',(0.,0.304678150457462,0.952455366216087));
#4629=DIRECTION('',(0.,1.,0.));
#4630=DIRECTION('',(-1.,0.,0.));
#4631=DIRECTION('',(0.,0.,1.));
#4632=DIRECTION('',(0.24809684649,0.,-0.9687352346032));
#4633=DIRECTION('',(-0.9687352346032,0.,-0.24809684649));
#4634=DIRECTION('',(-1.,0.,0.));
#4635=DIRECTION('',(0.24809684649,0.,0.9687352346032));
#4636=DIRECTION('',(-0.9687352346032,0.,0.24809684649));
#4637=DIRECTION('',(-1.,0.,0.));
#4638=DIRECTION('',(0.,0.,1.));
#4639=DIRECTION('',(0.,0.304678150457462,0.952455366216087));
#4640=DIRECTION('',(0.,1.,0.));
#4641=DIRECTION('',(0.,0.987688340595138,-0.156434465040231));
#4642=DIRECTION('',(0.,-0.156434465040231,-0.987688340595138));
#4643=DIRECTION('',(0.,-0.156434465040231,-0.987688340595138));
#4644=DIRECTION('',(1.,0.,0.));
#4645=DIRECTION('',(1.,0.,0.));
#4646=DIRECTION('',(1.,0.,0.));
#4647=DIRECTION('',(0.,0.156434465040231,0.987688340595138));
#4648=DIRECTION('',(1.,0.,0.));
#4649=DIRECTION('',(0.154554782932108,0.154554782932108,0.975820494837866));
#4650=DIRECTION('',(1.,0.,0.));
#4651=DIRECTION('',(-0.154554782932108,0.154554782932108,0.975820494837866));
#4652=DIRECTION('',(1.,0.,0.));
#4653=DIRECTION('',(-0.24809684649,0.,0.9687352346032));
#4654=DIRECTION('',(0.9687352346032,0.,0.24809684649));
#4655=DIRECTION('',(0.965698790465409,0.0791142131408872,0.24731920138304));
#4656=DIRECTION('',(0.,1.,0.));
#4657=DIRECTION('',(0.,0.952455366216087,-0.304678150457462));
#4658=DIRECTION('',(0.,0.304678150457462,0.952455366216087));
#4659=DIRECTION('',(-0.965698790465409,0.0791142131408872,0.24731920138304));
#4660=DIRECTION('',(0.,-0.304678150457462,-0.952455366216087));
#4661=DIRECTION('',(-1.,0.,0.));
#4662=DIRECTION('',(0.,-0.304678150457462,-0.952455366216087));
#4663=DIRECTION('',(-1.,0.,0.));
#4664=DIRECTION('',(0.,0.,1.));
#4665=DIRECTION('',(1.,0.,0.));
#4666=DIRECTION('',(0.,1.,0.));
#4667=DIRECTION('',(-1.,0.,0.));
#4668=DIRECTION('',(1.,0.,0.));
#4669=DIRECTION('',(0.,1.,0.));
#4670=DIRECTION('',(-1.,0.,0.));
#4671=DIRECTION('',(0.,0.,1.));
#4672=DIRECTION('',(-1.,0.,0.));
#4673=DIRECTION('',(0.,1.,0.));
#4674=DIRECTION('',(-1.,0.,0.));
#4675=DIRECTION('',(-1.,0.,0.));
#4676=DIRECTION('',(0.,1.,0.));
#4677=DIRECTION('',(-1.,0.,0.));
#4678=DIRECTION('',(0.,-0.952455366216086,0.304678150457463));
#4679=DIRECTION('',(0.,-0.304678150457463,-0.952455366216086));
#4680=DIRECTION('',(0.,0.304678150457463,0.952455366216087));
#4681=DIRECTION('',(0.,0.304678150457463,0.952455366216087));
#4682=DIRECTION('',(-0.24809684649,0.,-0.9687352346032));
#4683=DIRECTION('',(-0.9687352346032,0.,0.24809684649));
#4684=DIRECTION('',(0.,1.,0.));
#4685=DIRECTION('',(0.,0.987688340595138,0.156434465040231));
#4686=DIRECTION('',(0.,-0.156434465040231,0.987688340595138));
#4687=DIRECTION('',(0.,-0.156434465040231,0.987688340595138));
#4688=DIRECTION('',(-0.154554782932108,0.154554782932108,-0.975820494837866));
#4689=DIRECTION('',(1.,0.,0.));
#4690=DIRECTION('',(0.154554782932108,0.154554782932108,-0.975820494837866));
#4691=DIRECTION('',(-0.24809684649,0.,-0.9687352346032));
#4692=DIRECTION('',(-0.9687352346032,0.,0.24809684649));
#4693=DIRECTION('',(0.,1.,0.));
#4694=DIRECTION('',(-0.24809684649,0.,0.9687352346032));
#4695=DIRECTION('',(0.9687352346032,0.,0.24809684649));
#4696=DIRECTION('',(0.965698790465409,0.0791142131408872,0.24731920138304));
#4697=DIRECTION('',(0.,1.,0.));
#4698=DIRECTION('',(0.,0.952455366216087,-0.304678150457462));
#4699=DIRECTION('',(0.,0.304678150457462,0.952455366216087));
#4700=DIRECTION('',(-0.965698790465409,0.0791142131408872,0.24731920138304));
#4701=DIRECTION('',(0.,-0.304678150457462,-0.952455366216087));
#4702=DIRECTION('',(-1.,0.,0.));
#4703=DIRECTION('',(0.,-0.304678150457462,-0.952455366216087));
#4704=DIRECTION('',(-1.,0.,0.));
#4705=DIRECTION('',(0.,0.,1.));
#4706=DIRECTION('',(1.,0.,0.));
#4707=DIRECTION('',(0.,1.,0.));
#4708=DIRECTION('',(-1.,0.,0.));
#4709=DIRECTION('',(1.,0.,0.));
#4710=DIRECTION('',(0.,1.,0.));
#4711=DIRECTION('',(-1.,0.,0.));
#4712=DIRECTION('',(0.,0.,1.));
#4713=DIRECTION('',(-1.,0.,0.));
#4714=DIRECTION('',(0.,1.,0.));
#4715=DIRECTION('',(-1.,0.,0.));
#4716=DIRECTION('',(-1.,0.,0.));
#4717=DIRECTION('',(0.,1.,0.));
#4718=DIRECTION('',(-1.,0.,0.));
#4719=DIRECTION('',(0.,-0.952455366216086,0.304678150457463));
#4720=DIRECTION('',(0.,-0.304678150457463,-0.952455366216086));
#4721=DIRECTION('',(0.,0.304678150457463,0.952455366216087));
#4722=DIRECTION('',(0.,0.304678150457463,0.952455366216087));
#4723=DIRECTION('',(-0.24809684649,0.,-0.9687352346032));
#4724=DIRECTION('',(-0.9687352346032,0.,0.24809684649));
#4725=DIRECTION('',(0.,1.,0.));
#4726=DIRECTION('',(0.,6.53953804883311E-15,-1.));
#4727=DIRECTION('',(0.,1.,6.53953804883311E-15));
#4728=DIRECTION('',(0.,-1.,-6.53953804883311E-15));
#4729=DIRECTION('',(-1.,0.,0.));
#4730=DIRECTION('',(0.,-1.,-6.53953804883311E-15));
#4731=DIRECTION('',(0.987688340595138,0.,-0.156434465040231));
#4732=DIRECTION('',(0.156434465040231,0.,0.987688340595138));
#4733=DIRECTION('',(0.,-1.,0.));
#4734=DIRECTION('',(0.154554782932108,-0.154554782932108,0.975820494837866));
#4735=DIRECTION('',(0.,-1.,0.));
#4736=DIRECTION('',(0.,0.,-1.));
#4737=DIRECTION('',(1.,0.,0.));
#4738=DIRECTION('',(-1.,0.,0.));
#4739=DIRECTION('',(0.,1.,0.));
#4740=DIRECTION('',(-0.987688340595138,0.,-0.156434465040231));
#4741=DIRECTION('',(0.156434465040231,0.,-0.987688340595138));
#4742=DIRECTION('',(0.,1.,0.));
#4743=DIRECTION('',(-0.154554782932108,-0.154554782932108,0.975820494837866));
#4744=DIRECTION('',(0.,6.53953804883311E-15,-1.));
#4745=DIRECTION('',(0.,1.,6.53953804883311E-15));
#4746=DIRECTION('',(0.,-1.,-6.53953804883311E-15));
#4747=DIRECTION('',(-1.,0.,0.));
#4748=DIRECTION('',(0.,-1.,-6.53953804883311E-15));
#4749=DIRECTION('',(1.,0.,0.));
#4750=DIRECTION('',(0.,0.,-1.));
#4751=DIRECTION('',(0.,-0.156434465040231,0.987688340595138));
#4752=DIRECTION('',(0.,0.156434465040231,0.987688340595138));
#4753=DIRECTION('',(0.,1.,-8.61337475915238E-17));
#4754=DIRECTION('',(0.,8.61337475915238E-17,1.));
#4755=DIRECTION('',(0.,-1.,8.61337475915238E-17));
#4756=DIRECTION('',(0.,1.,-8.61337475915238E-17));
#4757=DIRECTION('',(-1.,0.,0.));
#4758=DIRECTION('',(1.,0.,0.));
#4759=DIRECTION('',(0.,0.,-1.));
#4760=DIRECTION('',(0.,0.156434465040231,0.987688340595138));
#4761=DIRECTION('',(0.,-0.156434465040231,0.987688340595138));
#4762=DIRECTION('',(-0.987688340595138,0.,0.156434465040231));
#4763=DIRECTION('',(0.156434465040231,0.,0.987688340595138));
#4764=DIRECTION('',(-0.154554782932108,-0.154554782932108,-0.975820494837866));
#4765=DIRECTION('',(0.,1.,0.));
#4766=DIRECTION('',(0.,0.,1.));
#4767=DIRECTION('',(1.,0.,0.));
#4768=DIRECTION('',(0.,0.,-1.));
#4769=DIRECTION('',(1.,0.,0.));
#4770=DIRECTION('',(-1.,0.,0.));
#4771=DIRECTION('',(0.,-1.,0.));
#4772=DIRECTION('',(0.987688340595138,0.,0.156434465040231));
#4773=DIRECTION('',(0.156434465040231,0.,-0.987688340595138));
#4774=DIRECTION('',(0.154554782932108,-0.154554782932108,-0.975820494837866));
#4775=DIRECTION('',(0.,8.61337475915238E-17,1.));
#4776=DIRECTION('',(0.,-1.,8.61337475915238E-17));
#4777=DIRECTION('',(0.,1.,0.));
#4778=DIRECTION('',(-1.,0.,0.));
#4779=DIRECTION('',(0.,1.,-8.61337475915238E-17));
#4780=DIRECTION('',(1.,0.,0.));
#4781=DIRECTION('',(0.,0.,-1.));
#4782=DIRECTION('',(0.,0.156434465040231,0.987688340595138));
#4783=DIRECTION('',(0.,-0.156434465040231,0.987688340595138));
#4784=DIRECTION('',(1.,0.,0.));
#4785=DIRECTION('',(0.,0.,-1.));
#4786=DIRECTION('',(0.,-0.156434465040231,0.987688340595138));
#4787=DIRECTION('',(0.,0.156434465040231,0.987688340595138));
#4788=DIRECTION('',(0.,1.,-8.61337475915238E-17));
#4789=DIRECTION('',(0.,8.61337475915238E-17,1.));
#4790=DIRECTION('',(0.,-1.,8.61337475915238E-17));
#4791=DIRECTION('',(0.,1.,-8.61337475915238E-17));
#4792=DIRECTION('',(-1.,0.,0.));
#4793=DIRECTION('',(1.,0.,0.));
#4794=DIRECTION('',(0.,0.,-1.));
#4795=DIRECTION('',(0.,0.156434465040231,0.987688340595138));
#4796=DIRECTION('',(0.,-0.156434465040231,0.987688340595138));
#4797=DIRECTION('',(-1.,0.,0.));
#4798=DIRECTION('',(0.,0.,1.));
#4799=DIRECTION('',(1.,0.,0.));
#4800=DIRECTION('',(0.,0.,-1.));
#4801=DIRECTION('',(-1.,0.,0.));
#4802=DIRECTION('',(-1.,0.,0.));
#4803=DIRECTION('',(0.,-4.35245380953646E-14,1.));
#4804=DIRECTION('',(0.,-1.,-4.35245380953646E-14));
#4805=DIRECTION('',(-1.,0.,0.));
#4806=DIRECTION('',(0.,-1.,0.));
#4807=DIRECTION('',(0.,0.,-1.));
#4808=DIRECTION('',(-1.,0.,0.));
#4809=DIRECTION('',(0.,3.38372189803047E-14,-1.));
#4810=DIRECTION('',(0.,1.,3.38372189803047E-14));
#4811=DIRECTION('',(-1.,0.,0.));
#4812=DIRECTION('',(-1.,0.,0.));
#4813=DIRECTION('',(0.,0.,1.));
#4814=DIRECTION('',(-1.,0.,0.));
#4815=DIRECTION('',(0.,0.952455366216087,-0.304678150457462));
#4816=DIRECTION('',(0.,0.304678150457462,0.952455366216087));
#4817=DIRECTION('',(0.,-0.304678150457462,-0.952455366216087));
#4818=DIRECTION('',(-1.,0.,0.));
#4819=DIRECTION('',(0.,-0.304678150457462,-0.952455366216087));
#4820=DIRECTION('',(-1.,0.,0.));
#4821=DIRECTION('',(0.,0.,1.));
#4822=DIRECTION('',(1.,0.,0.));
#4823=DIRECTION('',(0.,0.,-1.));
#4824=DIRECTION('',(-1.,0.,0.));
#4825=DIRECTION('',(1.,0.,0.));
#4826=DIRECTION('',(0.,1.,0.));
#4827=DIRECTION('',(0.,6.53953804883311E-15,-1.));
#4828=DIRECTION('',(0.,1.,6.53953804883311E-15));
#4829=DIRECTION('',(0.,-1.,-6.53953804883311E-15));
#4830=DIRECTION('',(-1.,0.,0.));
#4831=DIRECTION('',(0.,-1.,-6.53953804883311E-15));
#4832=DIRECTION('',(0.,-0.987688340595138,-0.156434465040231));
#4833=DIRECTION('',(0.,-0.156434465040231,0.987688340595138));
#4834=DIRECTION('',(0.,-0.156434465040231,0.987688340595138));
#4835=DIRECTION('',(-1.,0.,0.));
#4836=DIRECTION('',(-1.,0.,0.));
#4837=DIRECTION('',(-1.,0.,0.));
#4838=DIRECTION('',(0.,-0.156434465040231,0.987688340595138));
#4839=DIRECTION('',(0.,0.156434465040231,-0.987688340595138));
#4840=DIRECTION('',(-1.,0.,0.));
#4841=DIRECTION('',(-1.,0.,0.));
#4842=DIRECTION('',(0.,-0.987688340595138,0.156434465040231));
#4843=DIRECTION('',(0.,-0.156434465040231,-0.987688340595138));
#4844=DIRECTION('',(0.,-0.156434465040231,-0.987688340595138));
#4845=DIRECTION('',(0.,0.156434465040231,0.987688340595138));
#4846=DIRECTION('',(0.,0.156434465040231,0.987688340595138));
#4847=DIRECTION('',(-1.,0.,0.));
#4848=DIRECTION('',(0.,0.,1.));
#4849=DIRECTION('',(1.,0.,0.));
#4850=DIRECTION('',(0.,0.,-1.));
#4851=DIRECTION('',(-1.,0.,0.));
#4852=DIRECTION('',(-1.,0.,0.));
#4853=DIRECTION('',(0.,1.,0.));
#4854=DIRECTION('',(0.,-0.952455366216086,0.304678150457463));
#4855=DIRECTION('',(0.,-0.304678150457463,-0.952455366216086));
#4856=DIRECTION('',(0.,0.304678150457463,0.952455366216086));
#4857=DIRECTION('',(0.,0.304678150457463,0.952455366216087));
#4858=DIRECTION('',(1.,0.,0.));
#4859=DIRECTION('',(0.,0.,-1.));
#4860=DIRECTION('',(1.,0.,0.));
#4861=DIRECTION('',(0.,0.,-1.));
#4862=DIRECTION('',(1.,0.,0.));
#4863=DIRECTION('',(0.,0.,-1.));
#4864=DIRECTION('',(1.,0.,0.));
#4865=DIRECTION('',(0.,0.,-1.));
#4866=DIRECTION('',(1.,0.,0.));
#4867=DIRECTION('',(0.,0.,-1.));
#4868=DIRECTION('',(0.,0.,1.));
#4869=DIRECTION('',(1.,0.,0.));
#4870=DIRECTION('',(0.,0.,-1.));
#4871=DIRECTION('',(1.,0.,0.));
#4872=DIRECTION('',(0.,0.,-1.));
#4873=DIRECTION('',(-1.,0.,0.));
#4874=DIRECTION('',(0.,0.,1.));
#4875=DIRECTION('',(1.,0.,0.));
#4876=CARTESIAN_POINT('',(0.,0.,0.));
#4877=CARTESIAN_POINT('',(4.7,-4.32181524853358,-1.45317211306358));
#4878=CARTESIAN_POINT('',(4.9379332617384,-4.32181524853358,-1.45317211306358));
#4879=CARTESIAN_POINT('',(4.24416883155184,-4.22999300212272,-1.63084787129769));
#4880=CARTESIAN_POINT('',(4.15700013154462,-4.32181524853357,-1.65317211306358));
#4881=CARTESIAN_POINT('',(4.24416883155184,-4.32181524853358,-1.45317211306358));
#4882=CARTESIAN_POINT('',(4.24416883155184,-4.13132417529036,-1.51410774315507));
#4883=CARTESIAN_POINT('',(4.7,-4.13132417529036,-1.51410774315507));
#4884=CARTESIAN_POINT('',(2.92,-4.13132417529036,-1.51410774315507));
#4885=CARTESIAN_POINT('',(2.6820667382616,-4.32181524853358,-1.45317211306358));
#4886=CARTESIAN_POINT('',(3.46299986845546,-4.32181524853357,-1.65317211306358));
#4887=CARTESIAN_POINT('',(4.7,-4.32181524853357,-1.65317211306358));
#4888=CARTESIAN_POINT('',(4.7,-5.30081161506506,-1.51410774315507));
#4889=CARTESIAN_POINT('',(4.24416883155184,-8.15865360745195,-1.63084787129769));
#4890=CARTESIAN_POINT('',(4.24416883155184,-3.90618834081526,-1.63084787129769));
#4891=CARTESIAN_POINT('',(4.15700013154454,-5.30081161506506,-1.6531721130636));
#4892=CARTESIAN_POINT('',(4.15700013154454,-3.91332957696434,-1.6531721130636));
#4893=CARTESIAN_POINT('',(5.03308262843048,-3.84155711740246,-1.42880399164236));
#4894=CARTESIAN_POINT('',(4.7,-3.46413983890563,-0.248958598504569));
#4895=CARTESIAN_POINT('',(4.7,-3.46413983890563,-0.248958598504569));
#4896=CARTESIAN_POINT('',(4.24416883155184,-3.46413983890563,-0.248958598504569));
#4897=CARTESIAN_POINT('',(2.92,-3.46413983890563,-0.248958598504569));
#4898=CARTESIAN_POINT('',(4.24416883155184,-3.46413983890563,-0.248958598504569));
#4899=CARTESIAN_POINT('',(4.15700013154454,-3.46413983890563,-0.248958598504569));
#4900=CARTESIAN_POINT('',(4.15700013154454,-3.94881644994022,-1.76410774315507));
#4901=CARTESIAN_POINT('',(4.7,-3.94881644994022,-1.76410774315507));
#4902=CARTESIAN_POINT('',(3.46299986845546,-3.94881644994022,-1.76410774315507));
#4903=CARTESIAN_POINT('',(3.46299986845546,-3.46413983890563,-0.248958598504569));
#4904=CARTESIAN_POINT('',(3.46299986845546,-3.91332957696434,-1.6531721130636));
#4905=CARTESIAN_POINT('',(4.24689936552283,-3.97755000729349,-1.85393181111172));
#4906=CARTESIAN_POINT('',(2.92,-3.86884468400123,-1.51410774315507));
#4907=CARTESIAN_POINT('',(2.92,-3.46413983890563,-0.248958598504569));
#4908=CARTESIAN_POINT('',(4.7,-3.27364876566241,-0.309894228596062));
#4909=CARTESIAN_POINT('',(4.7,-3.27364876566241,-0.109894228596062));
#4910=CARTESIAN_POINT('',(4.24416883155184,-3.27364876566241,-0.109894228596062));
#4911=CARTESIAN_POINT('',(2.92,-3.27364876566241,-0.109894228596062));
#4912=CARTESIAN_POINT('',(4.24416883155184,-3.27364876566241,-0.309894228596062));
#4913=CARTESIAN_POINT('',(2.92,-3.27364876566241,-0.309894228596062));
#4914=CARTESIAN_POINT('',(4.7,-3.47861474208348,-0.130101040985525));
#4915=CARTESIAN_POINT('',(4.7,-3.6691058153267,-0.0691654108940323));
#4916=CARTESIAN_POINT('',(4.24416883155184,-3.6691058153267,-0.0691654108940323));
#4917=CARTESIAN_POINT('',(2.92,-3.6691058153267,-0.0691654108940323));
#4918=CARTESIAN_POINT('',(4.24416883155184,-3.47861474208348,-0.130101040985525));
#4919=CARTESIAN_POINT('',(4.24416883155184,-3.47861474208348,0.0698989590144749));
#4920=CARTESIAN_POINT('',(4.7,-3.47861474208348,0.0698989590144749));
#4921=CARTESIAN_POINT('',(2.92,-3.47861474208348,0.0698989590144749));
#4922=CARTESIAN_POINT('',(2.92,-3.47861474208348,-0.130101040985525));
#4923=CARTESIAN_POINT('',(4.7,-4.13132417529036,-1.51410774315507));
#4924=CARTESIAN_POINT('',(4.24416883155184,-4.13132417529036,-1.51410774315507));
#4925=CARTESIAN_POINT('',(2.92,-4.13132417529036,-1.51410774315507));
#4926=CARTESIAN_POINT('',(4.7,-3.15759446410892,-0.109894228596061));
#4927=CARTESIAN_POINT('',(4.7,-3.15759446410892,-0.109894228596061));
#4928=CARTESIAN_POINT('',(4.24416883155184,-3.15759446410892,-0.109894228596061));
#4929=CARTESIAN_POINT('',(2.92,-3.15759446410892,-0.109894228596061));
#4930=CARTESIAN_POINT('',(4.24416883155184,-3.15759446410892,-0.109894228596061));
#4931=CARTESIAN_POINT('',(2.92,-3.15759446410892,-0.109894228596061));
#4932=CARTESIAN_POINT('',(-2.92,-3.47861474208348,0.0698989590144749));
#4933=CARTESIAN_POINT('',(-2.92,-3.16392909249722,0.0698989590144749));
#4934=CARTESIAN_POINT('',(-2.92,-3.16392909249722,0.0698989590144752));
#4935=CARTESIAN_POINT('',(-4.24416883155184,-3.16392909249722,0.0698989590144749));
#4936=CARTESIAN_POINT('',(-4.24416883155184,-8.15865360745195,0.0698989590144749));
#4937=CARTESIAN_POINT('',(-4.24416883155184,-3.47861474208348,0.0698989590144749));
#4938=CARTESIAN_POINT('',(-2.92,-3.47861474208348,0.0698989590144749));
#4939=CARTESIAN_POINT('',(-2.92,-3.47861474208348,0.0698989590144749));
#4940=CARTESIAN_POINT('',(-2.92,-3.47861474208348,0.0698989590144749));
#4941=CARTESIAN_POINT('',(-4.7,-5.30081161506506,-1.51410774315507));
#4942=CARTESIAN_POINT('',(-4.9379332617384,-4.32181524853358,-1.45317211306358));
#4943=CARTESIAN_POINT('',(-4.24416883155184,-4.22999300212272,-1.63084787129769));
#4944=CARTESIAN_POINT('',(-4.15700013154463,-4.32181524853357,-1.65317211306358));
#4945=CARTESIAN_POINT('',(-4.24416883155184,-8.15865360745195,-1.63084787129769));
#4946=CARTESIAN_POINT('',(-4.24416883155184,-3.90618834081526,-1.63084787129769));
#4947=CARTESIAN_POINT('',(-3.37310063447717,-3.97755000729349,-1.85393181111172));
#4948=CARTESIAN_POINT('',(-4.15700013154454,-3.91332957696434,-1.6531721130636));
#4949=CARTESIAN_POINT('',(-4.15700013154454,-5.30081161506506,-1.6531721130636));
#4950=CARTESIAN_POINT('',(4.7,3.47861474208348,0.0698989590144749));
#4951=CARTESIAN_POINT('',(4.7,3.47861474208348,0.0698989590144749));
#4952=CARTESIAN_POINT('',(4.7,3.18607090750278,0.0698989590144749));
#4953=CARTESIAN_POINT('',(4.7,3.16392909249722,0.0698989590144749));
#4954=CARTESIAN_POINT('',(0.,3.18607090750278,0.0698989590144749));
#4955=CARTESIAN_POINT('',(4.24416883155184,3.18607090750277,0.0698989590144749));
#4956=CARTESIAN_POINT('',(4.24416883155184,4.96764147042923,0.0698989590144749));
#4957=CARTESIAN_POINT('',(4.24416883155184,3.47861474208348,0.0698989590144749));
#4958=CARTESIAN_POINT('',(4.7,3.47861474208348,0.0698989590144749));
#4959=CARTESIAN_POINT('',(2.92,3.47861474208348,0.0698989590144749));
#4960=CARTESIAN_POINT('',(2.92,3.47861474208348,0.0698989590144749));
#4961=CARTESIAN_POINT('',(2.92,3.16392909249722,0.0698989590144749));
#4962=CARTESIAN_POINT('',(4.7,3.16392909249722,0.0698989590144749));
#4963=CARTESIAN_POINT('',(4.7,4.32181524853358,-1.45317211306358));
#4964=CARTESIAN_POINT('',(4.24416883155184,4.32181524853358,-1.45317211306358));
#4965=CARTESIAN_POINT('',(4.24416883155184,4.22999300212272,-1.63084787129769));
#4966=CARTESIAN_POINT('',(4.24416883155184,4.13132417529036,-1.51410774315507));
#4967=CARTESIAN_POINT('',(4.9379332617384,4.32181524853358,-1.45317211306358));
#4968=CARTESIAN_POINT('',(4.15700013154454,4.32181524853357,-1.65317211306358));
#4969=CARTESIAN_POINT('',(4.7,4.32181524853357,-1.65317211306358));
#4970=CARTESIAN_POINT('',(3.46299986845546,4.32181524853358,-1.6531721130636));
#4971=CARTESIAN_POINT('',(2.6820667382616,4.32181524853358,-1.45317211306358));
#4972=CARTESIAN_POINT('',(2.92,4.13132417529036,-1.51410774315507));
#4973=CARTESIAN_POINT('',(4.7,4.13132417529036,-1.51410774315507));
#4974=CARTESIAN_POINT('',(4.7,3.46413983890563,-0.248958598504569));
#4975=CARTESIAN_POINT('',(4.24416883155184,3.46413983890563,-0.248958598504569));
#4976=CARTESIAN_POINT('',(4.24416883155184,3.46413983890563,-0.248958598504569));
#4977=CARTESIAN_POINT('',(4.24416883155184,3.90618834081526,-1.63084787129768));
#4978=CARTESIAN_POINT('',(4.7,3.46413983890563,-0.248958598504569));
#4979=CARTESIAN_POINT('',(2.92,3.46413983890563,-0.248958598504569));
#4980=CARTESIAN_POINT('',(2.92,3.46413983890563,-0.248958598504569));
#4981=CARTESIAN_POINT('',(2.92,3.86884468400123,-1.51410774315507));
#4982=CARTESIAN_POINT('',(4.24689936552283,3.97755000729349,-1.85393181111172));
#4983=CARTESIAN_POINT('',(3.46299986845546,3.91332957696434,-1.6531721130636));
#4984=CARTESIAN_POINT('',(3.46299986845546,3.46413983890563,-0.248958598504569));
#4985=CARTESIAN_POINT('',(3.46299986845546,3.94881644994022,-1.76410774315507));
#4986=CARTESIAN_POINT('',(4.7,3.94881644994022,-1.76410774315507));
#4987=CARTESIAN_POINT('',(4.15700013154454,3.94881644994022,-1.76410774315507));
#4988=CARTESIAN_POINT('',(4.15700013154454,3.46413983890563,-0.248958598504569));
#4989=CARTESIAN_POINT('',(4.15700013154454,3.91332957696434,-1.6531721130636));
#4990=CARTESIAN_POINT('',(5.03308262843048,3.84155711740246,-1.42880399164236));
#4991=CARTESIAN_POINT('',(4.7,3.27364876566241,-0.309894228596062));
#4992=CARTESIAN_POINT('',(4.24416883155184,3.27364876566241,-0.309894228596062));
#4993=CARTESIAN_POINT('',(4.24416883155184,3.27364876566241,-0.109894228596062));
#4994=CARTESIAN_POINT('',(4.7,3.27364876566241,-0.109894228596062));
#4995=CARTESIAN_POINT('',(2.92,3.27364876566241,-0.109894228596062));
#4996=CARTESIAN_POINT('',(2.92,3.27364876566241,-0.309894228596062));
#4997=CARTESIAN_POINT('',(4.7,3.47861474208348,-0.130101040985525));
#4998=CARTESIAN_POINT('',(4.24416883155184,3.47861474208348,-0.130101040985525));
#4999=CARTESIAN_POINT('',(4.24416883155184,3.6691058153267,-0.0691654108940321));
#5000=CARTESIAN_POINT('',(4.7,3.6691058153267,-0.0691654108940321));
#5001=CARTESIAN_POINT('',(2.92,3.6691058153267,-0.0691654108940321));
#5002=CARTESIAN_POINT('',(2.92,3.47861474208348,-0.130101040985525));
#5003=CARTESIAN_POINT('',(4.7,4.13132417529036,-1.51410774315507));
#5004=CARTESIAN_POINT('',(4.24416883155184,4.13132417529036,-1.51410774315507));
#5005=CARTESIAN_POINT('',(2.92,4.13132417529036,-1.51410774315507));
#5006=CARTESIAN_POINT('',(4.7,5.30081161506506,-1.51410774315507));
#5007=CARTESIAN_POINT('',(4.24416883155184,5.30081161506506,-1.63084787129769));
#5008=CARTESIAN_POINT('',(4.15700013154454,5.30081161506506,-1.6531721130636));
#5009=CARTESIAN_POINT('',(4.7,3.15759446410892,-0.109894228596061));
#5010=CARTESIAN_POINT('',(4.24416883155184,3.15759446410892,-0.109894228596061));
#5011=CARTESIAN_POINT('',(4.24416883155184,3.15759446410892,-0.109894228596061));
#5012=CARTESIAN_POINT('',(4.7,3.15759446410892,-0.109894228596061));
#5013=CARTESIAN_POINT('',(2.92,3.15759446410892,-0.109894228596063));
#5014=CARTESIAN_POINT('',(2.92,3.15759446410892,-0.109894228596061));
#5015=CARTESIAN_POINT('',(4.7,3.27364876566241,-0.309894228596062));
#5016=CARTESIAN_POINT('',(4.7,3.175,0.));
#5017=CARTESIAN_POINT('',(4.7,3.175,0.));
#5018=CARTESIAN_POINT('',(4.7,3.175,0.));
#5019=CARTESIAN_POINT('',(-4.15700013154454,-5.30081161506506,-1.6531721130636));
#5020=CARTESIAN_POINT('',(-4.15700013154454,-3.46413983890563,-0.24895859850457));
#5021=CARTESIAN_POINT('',(-4.15700013154454,-3.94881644994022,-1.76410774315507));
#5022=CARTESIAN_POINT('',(-4.15700013154454,-4.13930752318344,-1.70317211306358));
#5023=CARTESIAN_POINT('',(-4.15700013154454,-4.13930752318343,-1.90317211306358));
#5024=CARTESIAN_POINT('',(-4.15700013154454,-5.30081161506506,-1.9031721130636));
#5025=CARTESIAN_POINT('',(-4.15700013154454,-4.825,-1.9031721130636));
#5026=CARTESIAN_POINT('',(-4.15700013154454,-4.825,-1.9031721130636));
#5027=CARTESIAN_POINT('',(-4.15700013154454,-4.825,-1.6531721130636));
#5028=CARTESIAN_POINT('',(-4.15700013154454,-5.30081161506506,-1.6531721130636));
#5029=CARTESIAN_POINT('',(-2.92,-5.30081161506506,-1.51410774315507));
#5030=CARTESIAN_POINT('',(-3.46299986845546,-5.30081161506506,-1.6531721130636));
#5031=CARTESIAN_POINT('',(-3.46299986845546,-4.32181524853357,-1.65317211306358));
#5032=CARTESIAN_POINT('',(-3.46299986845546,-3.91332957696434,-1.6531721130636));
#5033=CARTESIAN_POINT('',(-2.58691737156952,-3.84155711740246,-1.42880399164236));
#5034=CARTESIAN_POINT('',(-2.92,-3.86884468400123,-1.51410774315507));
#5035=CARTESIAN_POINT('',(-2.92,-5.30081161506506,-1.51410774315507));
#5036=CARTESIAN_POINT('',(-2.92,-4.13132417529036,-1.51410774315507));
#5037=CARTESIAN_POINT('',(-2.6820667382616,-4.32181524853358,-1.45317211306358));
#5038=CARTESIAN_POINT('',(-3.46299986845546,-5.30081161506506,-1.6531721130636));
#5039=CARTESIAN_POINT('',(-3.46299986845546,-4.13930752318344,-1.70317211306358));
#5040=CARTESIAN_POINT('',(-3.46299986845546,-4.13930752318343,-1.90317211306358));
#5041=CARTESIAN_POINT('',(-3.46299986845546,-3.94881644994022,-1.76410774315507));
#5042=CARTESIAN_POINT('',(-3.46299986845546,-3.46413983890563,-0.24895859850457));
#5043=CARTESIAN_POINT('',(-3.46299986845546,-5.30081161506506,-1.6531721130636));
#5044=CARTESIAN_POINT('',(-3.46299986845546,-4.825,-1.6531721130636));
#5045=CARTESIAN_POINT('',(-3.46299986845546,-4.825,-1.9031721130636));
#5046=CARTESIAN_POINT('',(-3.46299986845546,-4.825,-1.9031721130636));
#5047=CARTESIAN_POINT('',(-3.46299986845546,-5.30081161506506,-1.9031721130636));
#5048=CARTESIAN_POINT('',(4.7,4.825,-1.6531721130636));
#5049=CARTESIAN_POINT('',(3.46299986845546,5.30081161506506,-1.6531721130636));
#5050=CARTESIAN_POINT('',(3.46299986845546,4.825,-1.6531721130636));
#5051=CARTESIAN_POINT('',(4.15700013154454,5.30081161506506,-1.6531721130636));
#5052=CARTESIAN_POINT('',(4.15700013154454,4.825,-1.6531721130636));
#5053=CARTESIAN_POINT('',(4.7,4.825,-1.6531721130636));
#5054=CARTESIAN_POINT('',(4.7,4.825,-1.9031721130636));
#5055=CARTESIAN_POINT('',(3.46299986845546,4.825,-1.9031721130636));
#5056=CARTESIAN_POINT('',(3.46299986845546,4.825,-1.9031721130636));
#5057=CARTESIAN_POINT('',(4.15700013154454,4.825,-1.9031721130636));
#5058=CARTESIAN_POINT('',(4.15700013154454,4.825,-1.9031721130636));
#5059=CARTESIAN_POINT('',(4.7,4.825,-1.9031721130636));
#5060=CARTESIAN_POINT('',(4.7,4.13930752318343,-1.90317211306358));
#5061=CARTESIAN_POINT('',(3.46299986845546,5.30081161506506,-1.9031721130636));
#5062=CARTESIAN_POINT('',(3.46299986845546,4.13930752318344,-1.9031721130636));
#5063=CARTESIAN_POINT('',(4.15700013154454,5.30081161506506,-1.9031721130636));
#5064=CARTESIAN_POINT('',(4.15700013154454,4.13930752318344,-1.9031721130636));
#5065=CARTESIAN_POINT('',(4.7,4.13930752318343,-1.90317211306358));
#5066=CARTESIAN_POINT('',(-2.92,4.825,-1.6531721130636));
#5067=CARTESIAN_POINT('',(-3.46299986845546,5.30081161506506,-1.6531721130636));
#5068=CARTESIAN_POINT('',(-3.46299986845546,4.825,-1.6531721130636));
#5069=CARTESIAN_POINT('',(-3.46299986845537,4.32181524853357,-1.65317211306358));
#5070=CARTESIAN_POINT('',(-2.92,4.825,-1.6531721130636));
#5071=CARTESIAN_POINT('',(-4.15700013154454,4.825,-1.6531721130636));
#5072=CARTESIAN_POINT('',(-4.15700013154454,5.30081161506506,-1.6531721130636));
#5073=CARTESIAN_POINT('',(-4.15700013154454,4.32181524853357,-1.65317211306358));
#5074=CARTESIAN_POINT('',(-2.92,4.32181524853357,-1.65317211306358));
#5075=CARTESIAN_POINT('',(-2.92,4.825,-1.9031721130636));
#5076=CARTESIAN_POINT('',(-3.46299986845546,4.825,-1.9031721130636));
#5077=CARTESIAN_POINT('',(-3.46299986845546,4.825,-1.9031721130636));
#5078=CARTESIAN_POINT('',(-2.92,4.825,-1.9031721130636));
#5079=CARTESIAN_POINT('',(-4.15700013154454,4.825,-1.9031721130636));
#5080=CARTESIAN_POINT('',(-4.15700013154454,4.825,-1.9031721130636));
#5081=CARTESIAN_POINT('',(-2.92,4.13930752318343,-1.90317211306358));
#5082=CARTESIAN_POINT('',(-3.46299986845546,5.30081161506506,-1.9031721130636));
#5083=CARTESIAN_POINT('',(-3.46299986845546,4.13930752318343,-1.90317211306358));
#5084=CARTESIAN_POINT('',(-2.92,4.13930752318343,-1.90317211306358));
#5085=CARTESIAN_POINT('',(-4.15700013154454,4.13930752318343,-1.90317211306358));
#5086=CARTESIAN_POINT('',(-4.15700013154454,5.30081161506506,-1.9031721130636));
#5087=CARTESIAN_POINT('',(-0.38,4.825,-1.6531721130636));
#5088=CARTESIAN_POINT('',(-0.922999868455464,5.30081161506506,-1.6531721130636));
#5089=CARTESIAN_POINT('',(-0.922999868455464,4.825,-1.6531721130636));
#5090=CARTESIAN_POINT('',(-0.922999868455376,4.32181524853357,-1.65317211306358));
#5091=CARTESIAN_POINT('',(-0.38,4.825,-1.6531721130636));
#5092=CARTESIAN_POINT('',(-1.61700013154454,4.825,-1.6531721130636));
#5093=CARTESIAN_POINT('',(-1.61700013154454,5.30081161506506,-1.6531721130636));
#5094=CARTESIAN_POINT('',(-1.61700013154454,4.32181524853357,-1.65317211306358));
#5095=CARTESIAN_POINT('',(-0.38,4.32181524853357,-1.65317211306358));
#5096=CARTESIAN_POINT('',(-0.38,4.825,-1.9031721130636));
#5097=CARTESIAN_POINT('',(-0.922999868455464,4.825,-1.9031721130636));
#5098=CARTESIAN_POINT('',(-0.922999868455464,4.825,-1.9031721130636));
#5099=CARTESIAN_POINT('',(-0.38,4.825,-1.9031721130636));
#5100=CARTESIAN_POINT('',(-1.61700013154454,4.825,-1.9031721130636));
#5101=CARTESIAN_POINT('',(-1.61700013154454,4.825,-1.9031721130636));
#5102=CARTESIAN_POINT('',(-0.38,4.13930752318343,-1.90317211306358));
#5103=CARTESIAN_POINT('',(-0.922999868455464,5.30081161506506,-1.9031721130636));
#5104=CARTESIAN_POINT('',(-0.922999868455464,4.13930752318343,-1.90317211306358));
#5105=CARTESIAN_POINT('',(-0.38,4.13930752318343,-1.90317211306358));
#5106=CARTESIAN_POINT('',(-1.61700013154454,4.13930752318343,-1.90317211306358));
#5107=CARTESIAN_POINT('',(-1.61700013154454,5.30081161506506,-1.9031721130636));
#5108=CARTESIAN_POINT('',(2.16,4.825,-1.6531721130636));
#5109=CARTESIAN_POINT('',(1.61700013154454,5.30081161506506,-1.6531721130636));
#5110=CARTESIAN_POINT('',(1.61700013154454,4.825,-1.6531721130636));
#5111=CARTESIAN_POINT('',(1.61700013154462,4.32181524853357,-1.65317211306358));
#5112=CARTESIAN_POINT('',(2.16,4.825,-1.6531721130636));
#5113=CARTESIAN_POINT('',(0.922999868455463,4.825,-1.6531721130636));
#5114=CARTESIAN_POINT('',(0.922999868455463,5.30081161506506,-1.6531721130636));
#5115=CARTESIAN_POINT('',(0.922999868455463,4.32181524853357,-1.65317211306358));
#5116=CARTESIAN_POINT('',(2.16,4.32181524853357,-1.65317211306358));
#5117=CARTESIAN_POINT('',(2.16,4.825,-1.9031721130636));
#5118=CARTESIAN_POINT('',(1.61700013154454,4.825,-1.9031721130636));
#5119=CARTESIAN_POINT('',(1.61700013154454,4.825,-1.9031721130636));
#5120=CARTESIAN_POINT('',(2.16,4.825,-1.9031721130636));
#5121=CARTESIAN_POINT('',(0.922999868455463,4.825,-1.9031721130636));
#5122=CARTESIAN_POINT('',(0.922999868455463,4.825,-1.9031721130636));
#5123=CARTESIAN_POINT('',(2.16,4.13930752318343,-1.90317211306358));
#5124=CARTESIAN_POINT('',(1.61700013154454,5.30081161506506,-1.9031721130636));
#5125=CARTESIAN_POINT('',(1.61700013154454,4.13930752318343,-1.90317211306358));
#5126=CARTESIAN_POINT('',(2.16,4.13930752318343,-1.90317211306358));
#5127=CARTESIAN_POINT('',(0.922999868455463,4.13930752318343,-1.90317211306358));
#5128=CARTESIAN_POINT('',(0.922999868455463,5.30081161506506,-1.9031721130636));
#5129=CARTESIAN_POINT('',(4.7,4.13930752318344,-1.70317211306358));
#5130=CARTESIAN_POINT('',(3.46299986845546,4.13930752318344,-1.70317211306358));
#5131=CARTESIAN_POINT('',(4.15700013154454,4.13930752318344,-1.70317211306358));
#5132=CARTESIAN_POINT('',(3.46299986845546,5.30081161506506,-1.6531721130636));
#5133=CARTESIAN_POINT('',(3.46299986845546,5.30081161506506,-1.6531721130636));
#5134=CARTESIAN_POINT('',(4.15700013154454,5.30081161506506,-1.6531721130636));
#5135=CARTESIAN_POINT('',(-4.15700013154454,5.30081161506506,-1.6531721130636));
#5136=CARTESIAN_POINT('',(-4.15700013154454,3.46413983890563,-0.24895859850457));
#5137=CARTESIAN_POINT('',(-4.15700013154454,3.94881644994022,-1.76410774315507));
#5138=CARTESIAN_POINT('',(-4.15700013154454,3.91332957696434,-1.6531721130636));
#5139=CARTESIAN_POINT('',(-4.15700013154454,5.30081161506506,-1.6531721130636));
#5140=CARTESIAN_POINT('',(-4.15700013154454,4.13930752318344,-1.70317211306358));
#5141=CARTESIAN_POINT('',(-2.92,4.13930752318344,-1.70317211306358));
#5142=CARTESIAN_POINT('',(-3.46299986845546,4.13930752318344,-1.70317211306358));
#5143=CARTESIAN_POINT('',(-3.46299986845546,3.94881644994022,-1.76410774315507));
#5144=CARTESIAN_POINT('',(-2.92,3.94881644994022,-1.76410774315507));
#5145=CARTESIAN_POINT('',(-2.92,4.32181524853358,-1.45317211306358));
#5146=CARTESIAN_POINT('',(-4.9379332617384,4.32181524853358,-1.45317211306358));
#5147=CARTESIAN_POINT('',(-4.24416883155184,4.22999300212272,-1.63084787129769));
#5148=CARTESIAN_POINT('',(-4.24416883155184,4.32181524853358,-1.45317211306358));
#5149=CARTESIAN_POINT('',(-4.24416883155184,4.13132417529036,-1.51410774315507));
#5150=CARTESIAN_POINT('',(-2.92,4.13132417529036,-1.51410774315507));
#5151=CARTESIAN_POINT('',(-2.92,4.13132417529036,-1.51410774315507));
#5152=CARTESIAN_POINT('',(-2.6820667382616,4.32181524853358,-1.45317211306358));
#5153=CARTESIAN_POINT('',(-3.46299986845546,5.30081161506506,-1.6531721130636));
#5154=CARTESIAN_POINT('',(-3.46299986845546,5.30081161506506,-1.6531721130636));
#5155=CARTESIAN_POINT('',(-3.46299986845546,3.91332957696434,-1.6531721130636));
#5156=CARTESIAN_POINT('',(-3.46299986845546,3.46413983890563,-0.24895859850457));
#5157=CARTESIAN_POINT('',(-1.61700013154454,5.30081161506506,-1.6531721130636));
#5158=CARTESIAN_POINT('',(-1.61700013154454,3.46413983890563,-0.24895859850457));
#5159=CARTESIAN_POINT('',(-1.61700013154454,3.94881644994022,-1.76410774315507));
#5160=CARTESIAN_POINT('',(-1.61700013154454,3.91332957696434,-1.6531721130636));
#5161=CARTESIAN_POINT('',(-1.61700013154454,5.30081161506506,-1.6531721130636));
#5162=CARTESIAN_POINT('',(-1.61700013154454,4.13930752318344,-1.70317211306358));
#5163=CARTESIAN_POINT('',(-0.38,4.13930752318344,-1.70317211306358));
#5164=CARTESIAN_POINT('',(-0.922999868455464,4.13930752318344,-1.70317211306358));
#5165=CARTESIAN_POINT('',(-0.922999868455464,3.94881644994022,-1.76410774315507));
#5166=CARTESIAN_POINT('',(-0.38,3.94881644994022,-1.76410774315507));
#5167=CARTESIAN_POINT('',(-0.38,4.32181524853358,-1.45317211306358));
#5168=CARTESIAN_POINT('',(-0.38,4.13132417529036,-1.51410774315507));
#5169=CARTESIAN_POINT('',(-0.38,4.13132417529036,-1.51410774315507));
#5170=CARTESIAN_POINT('',(-2.16,4.13132417529036,-1.51410774315507));
#5171=CARTESIAN_POINT('',(-0.142066738261604,4.32181524853358,-1.45317211306358));
#5172=CARTESIAN_POINT('',(-2.3979332617384,4.32181524853358,-1.45317211306358));
#5173=CARTESIAN_POINT('',(-0.922999868455464,5.30081161506506,-1.6531721130636));
#5174=CARTESIAN_POINT('',(-0.922999868455464,5.30081161506506,-1.6531721130636));
#5175=CARTESIAN_POINT('',(-0.922999868455464,3.91332957696434,-1.6531721130636));
#5176=CARTESIAN_POINT('',(-0.922999868455464,3.46413983890563,-0.24895859850457));
#5177=CARTESIAN_POINT('',(0.922999868455463,5.30081161506506,-1.6531721130636));
#5178=CARTESIAN_POINT('',(0.922999868455463,3.46413983890563,-0.24895859850457));
#5179=CARTESIAN_POINT('',(0.922999868455463,3.94881644994022,-1.76410774315507));
#5180=CARTESIAN_POINT('',(0.922999868455463,3.91332957696434,-1.6531721130636));
#5181=CARTESIAN_POINT('',(0.922999868455463,5.30081161506506,-1.6531721130636));
#5182=CARTESIAN_POINT('',(0.922999868455463,4.13930752318344,-1.70317211306358));
#5183=CARTESIAN_POINT('',(2.16,4.13930752318344,-1.70317211306358));
#5184=CARTESIAN_POINT('',(1.61700013154454,4.13930752318344,-1.70317211306358));
#5185=CARTESIAN_POINT('',(1.61700013154454,3.94881644994022,-1.76410774315507));
#5186=CARTESIAN_POINT('',(2.16,3.94881644994022,-1.76410774315507));
#5187=CARTESIAN_POINT('',(2.16,4.32181524853358,-1.45317211306358));
#5188=CARTESIAN_POINT('',(2.16,4.13132417529036,-1.51410774315507));
#5189=CARTESIAN_POINT('',(2.16,4.13132417529036,-1.51410774315507));
#5190=CARTESIAN_POINT('',(0.38,4.13132417529036,-1.51410774315507));
#5191=CARTESIAN_POINT('',(2.3979332617384,4.32181524853358,-1.45317211306358));
#5192=CARTESIAN_POINT('',(0.142066738261604,4.32181524853358,-1.45317211306358));
#5193=CARTESIAN_POINT('',(1.61700013154454,5.30081161506506,-1.6531721130636));
#5194=CARTESIAN_POINT('',(1.61700013154454,5.30081161506506,-1.6531721130636));
#5195=CARTESIAN_POINT('',(1.61700013154454,3.91332957696434,-1.6531721130636));
#5196=CARTESIAN_POINT('',(1.61700013154454,3.46413983890563,-0.24895859850457));
#5197=CARTESIAN_POINT('',(-0.38,-4.825,-1.6531721130636));
#5198=CARTESIAN_POINT('',(-0.38,-4.825,-1.6531721130636));
#5199=CARTESIAN_POINT('',(-0.922999868455464,-4.825,-1.6531721130636));
#5200=CARTESIAN_POINT('',(-1.61700013154454,-4.825,-1.6531721130636));
#5201=CARTESIAN_POINT('',(-0.922999868455464,-5.30081161506506,-1.6531721130636));
#5202=CARTESIAN_POINT('',(-0.922999868455464,-4.32181524853357,-1.65317211306358));
#5203=CARTESIAN_POINT('',(-0.38,-4.32181524853357,-1.65317211306358));
#5204=CARTESIAN_POINT('',(-1.61700013154463,-4.32181524853357,-1.65317211306358));
#5205=CARTESIAN_POINT('',(-1.61700013154454,-5.30081161506506,-1.6531721130636));
#5206=CARTESIAN_POINT('',(-0.38,-4.825,-1.9031721130636));
#5207=CARTESIAN_POINT('',(-0.922999868455464,-4.825,-1.9031721130636));
#5208=CARTESIAN_POINT('',(-0.922999868455464,-4.825,-1.9031721130636));
#5209=CARTESIAN_POINT('',(-1.61700013154454,-4.825,-1.9031721130636));
#5210=CARTESIAN_POINT('',(-1.61700013154454,-4.825,-1.9031721130636));
#5211=CARTESIAN_POINT('',(-0.38,-4.825,-1.9031721130636));
#5212=CARTESIAN_POINT('',(-0.38,-4.13930752318343,-1.90317211306358));
#5213=CARTESIAN_POINT('',(-0.922999868455464,-5.30081161506506,-1.9031721130636));
#5214=CARTESIAN_POINT('',(-0.922999868455464,-4.13930752318343,-1.90317211306358));
#5215=CARTESIAN_POINT('',(-1.61700013154454,-5.30081161506506,-1.9031721130636));
#5216=CARTESIAN_POINT('',(-1.61700013154454,-4.13930752318343,-1.90317211306358));
#5217=CARTESIAN_POINT('',(-0.38,-4.13930752318343,-1.90317211306358));
#5218=CARTESIAN_POINT('',(2.92,5.30081161506506,-1.51410774315507));
#5219=CARTESIAN_POINT('',(2.92,5.30081161506506,-1.51410774315507));
#5220=CARTESIAN_POINT('',(-4.7,5.30081161506506,-1.51410774315507));
#5221=CARTESIAN_POINT('',(-4.24416883155184,5.30081161506506,-1.63084787129769));
#5222=CARTESIAN_POINT('',(-4.24416883155184,3.90618834081527,-1.63084787129769));
#5223=CARTESIAN_POINT('',(-3.37310063447717,3.97755000729349,-1.85393181111172));
#5224=CARTESIAN_POINT('',(-2.92,3.46413983890563,-0.248958598504569));
#5225=CARTESIAN_POINT('',(-2.92,3.46413983890563,-0.248958598504569));
#5226=CARTESIAN_POINT('',(-2.92,3.46413983890563,-0.248958598504569));
#5227=CARTESIAN_POINT('',(-4.24416883155184,3.46413983890563,-0.248958598504569));
#5228=CARTESIAN_POINT('',(-4.24416883155184,3.46413983890563,-0.248958598504569));
#5229=CARTESIAN_POINT('',(-2.58691737156952,3.84155711740246,-1.42880399164236));
#5230=CARTESIAN_POINT('',(-2.92,3.86884468400123,-1.51410774315507));
#5231=CARTESIAN_POINT('',(-2.92,3.46413983890563,-0.248958598504569));
#5232=CARTESIAN_POINT('',(-2.92,3.27364876566241,-0.309894228596062));
#5233=CARTESIAN_POINT('',(-2.92,3.27364876566241,-0.109894228596062));
#5234=CARTESIAN_POINT('',(-2.92,3.27364876566241,-0.109894228596062));
#5235=CARTESIAN_POINT('',(-4.24416883155184,3.27364876566241,-0.109894228596062));
#5236=CARTESIAN_POINT('',(-4.24416883155184,3.27364876566241,-0.309894228596062));
#5237=CARTESIAN_POINT('',(-2.92,3.27364876566241,-0.309894228596062));
#5238=CARTESIAN_POINT('',(-2.92,3.47861474208348,-0.130101040985525));
#5239=CARTESIAN_POINT('',(-2.92,3.6691058153267,-0.0691654108940321));
#5240=CARTESIAN_POINT('',(-2.92,3.6691058153267,-0.0691654108940321));
#5241=CARTESIAN_POINT('',(-4.24416883155184,3.6691058153267,-0.0691654108940321));
#5242=CARTESIAN_POINT('',(-4.24416883155184,3.47861474208348,-0.130101040985525));
#5243=CARTESIAN_POINT('',(-4.24416883155184,3.47861474208348,0.0698989590144749));
#5244=CARTESIAN_POINT('',(-2.92,3.47861474208348,0.0698989590144749));
#5245=CARTESIAN_POINT('',(-2.92,3.47861474208348,0.0698989590144749));
#5246=CARTESIAN_POINT('',(-2.92,3.47861474208348,-0.130101040985525));
#5247=CARTESIAN_POINT('',(-2.92,4.13132417529036,-1.51410774315507));
#5248=CARTESIAN_POINT('',(-4.24416883155184,4.13132417529036,-1.51410774315507));
#5249=CARTESIAN_POINT('',(-2.92,4.13132417529036,-1.51410774315507));
#5250=CARTESIAN_POINT('',(-2.92,5.30081161506506,-1.51410774315507));
#5251=CARTESIAN_POINT('',(-2.92,5.30081161506506,-1.51410774315507));
#5252=CARTESIAN_POINT('',(-2.16,5.30081161506506,-1.51410774315507));
#5253=CARTESIAN_POINT('',(-0.833100634477167,3.97755000729349,-1.85393181111172));
#5254=CARTESIAN_POINT('',(-2.16,3.86884468400123,-1.51410774315507));
#5255=CARTESIAN_POINT('',(-2.16,5.30081161506506,-1.51410774315507));
#5256=CARTESIAN_POINT('',(-0.38,3.46413983890563,-0.248958598504569));
#5257=CARTESIAN_POINT('',(-0.0469173715695248,3.84155711740246,-1.42880399164236));
#5258=CARTESIAN_POINT('',(-0.38,3.86884468400123,-1.51410774315507));
#5259=CARTESIAN_POINT('',(-0.38,3.46413983890563,-0.248958598504569));
#5260=CARTESIAN_POINT('',(-0.38,3.46413983890563,-0.248958598504569));
#5261=CARTESIAN_POINT('',(-0.38,3.46413983890563,-0.248958598504569));
#5262=CARTESIAN_POINT('',(-2.16,3.46413983890563,-0.248958598504569));
#5263=CARTESIAN_POINT('',(-2.16,3.46413983890563,-0.248958598504569));
#5264=CARTESIAN_POINT('',(-0.38,3.27364876566241,-0.309894228596062));
#5265=CARTESIAN_POINT('',(-2.16,3.27364876566241,-0.309894228596062));
#5266=CARTESIAN_POINT('',(-2.16,3.27364876566241,-0.109894228596062));
#5267=CARTESIAN_POINT('',(-0.38,3.27364876566241,-0.309894228596062));
#5268=CARTESIAN_POINT('',(-0.38,3.27364876566241,-0.109894228596062));
#5269=CARTESIAN_POINT('',(-0.38,3.27364876566241,-0.109894228596062));
#5270=CARTESIAN_POINT('',(-0.38,3.47861474208348,-0.130101040985525));
#5271=CARTESIAN_POINT('',(-2.16,3.47861474208348,-0.130101040985525));
#5272=CARTESIAN_POINT('',(-2.16,3.6691058153267,-0.0691654108940321));
#5273=CARTESIAN_POINT('',(-2.16,3.47861474208348,0.0698989590144749));
#5274=CARTESIAN_POINT('',(-0.38,3.47861474208348,0.0698989590144749));
#5275=CARTESIAN_POINT('',(-0.38,3.47861474208348,0.0698989590144749));
#5276=CARTESIAN_POINT('',(-0.38,3.47861474208348,-0.130101040985525));
#5277=CARTESIAN_POINT('',(-0.38,3.6691058153267,-0.0691654108940321));
#5278=CARTESIAN_POINT('',(-0.38,3.6691058153267,-0.0691654108940321));
#5279=CARTESIAN_POINT('',(-0.38,4.13132417529036,-1.51410774315507));
#5280=CARTESIAN_POINT('',(-2.16,4.13132417529036,-1.51410774315507));
#5281=CARTESIAN_POINT('',(-0.38,4.13132417529036,-1.51410774315507));
#5282=CARTESIAN_POINT('',(-0.38,5.30081161506506,-1.51410774315507));
#5283=CARTESIAN_POINT('',(-0.38,5.30081161506506,-1.51410774315507));
#5284=CARTESIAN_POINT('',(0.38,5.30081161506506,-1.51410774315507));
#5285=CARTESIAN_POINT('',(1.70689936552283,3.97755000729349,-1.85393181111172));
#5286=CARTESIAN_POINT('',(0.38,3.86884468400123,-1.51410774315507));
#5287=CARTESIAN_POINT('',(0.38,5.30081161506506,-1.51410774315507));
#5288=CARTESIAN_POINT('',(2.16,3.46413983890563,-0.248958598504569));
#5289=CARTESIAN_POINT('',(2.49308262843048,3.84155711740246,-1.42880399164236));
#5290=CARTESIAN_POINT('',(2.16,3.86884468400123,-1.51410774315507));
#5291=CARTESIAN_POINT('',(2.16,3.46413983890563,-0.248958598504569));
#5292=CARTESIAN_POINT('',(2.16,3.46413983890563,-0.248958598504569));
#5293=CARTESIAN_POINT('',(2.16,3.46413983890563,-0.248958598504569));
#5294=CARTESIAN_POINT('',(0.38,3.46413983890563,-0.248958598504569));
#5295=CARTESIAN_POINT('',(0.38,3.46413983890563,-0.248958598504569));
#5296=CARTESIAN_POINT('',(2.16,3.27364876566241,-0.309894228596062));
#5297=CARTESIAN_POINT('',(0.38,3.27364876566241,-0.309894228596062));
#5298=CARTESIAN_POINT('',(0.38,3.27364876566241,-0.109894228596062));
#5299=CARTESIAN_POINT('',(2.16,3.27364876566241,-0.309894228596062));
#5300=CARTESIAN_POINT('',(2.16,3.27364876566241,-0.109894228596062));
#5301=CARTESIAN_POINT('',(2.16,3.27364876566241,-0.109894228596062));
#5302=CARTESIAN_POINT('',(2.16,3.47861474208348,-0.130101040985525));
#5303=CARTESIAN_POINT('',(0.38,3.47861474208348,-0.130101040985525));
#5304=CARTESIAN_POINT('',(0.38,3.6691058153267,-0.0691654108940321));
#5305=CARTESIAN_POINT('',(0.38,3.47861474208348,0.0698989590144749));
#5306=CARTESIAN_POINT('',(2.16,3.47861474208348,0.0698989590144749));
#5307=CARTESIAN_POINT('',(2.16,3.47861474208348,0.0698989590144749));
#5308=CARTESIAN_POINT('',(2.16,3.47861474208348,-0.130101040985525));
#5309=CARTESIAN_POINT('',(2.16,3.6691058153267,-0.0691654108940321));
#5310=CARTESIAN_POINT('',(2.16,3.6691058153267,-0.0691654108940321));
#5311=CARTESIAN_POINT('',(2.16,4.13132417529036,-1.51410774315507));
#5312=CARTESIAN_POINT('',(0.38,4.13132417529036,-1.51410774315507));
#5313=CARTESIAN_POINT('',(2.16,4.13132417529036,-1.51410774315507));
#5314=CARTESIAN_POINT('',(2.16,5.30081161506506,-1.51410774315507));
#5315=CARTESIAN_POINT('',(2.16,5.30081161506506,-1.51410774315507));
#5316=CARTESIAN_POINT('',(4.7,-4.825,-1.6531721130636));
#5317=CARTESIAN_POINT('',(3.46299986845546,-5.30081161506506,-1.6531721130636));
#5318=CARTESIAN_POINT('',(3.46299986845546,-4.825,-1.6531721130636));
#5319=CARTESIAN_POINT('',(4.7,-4.825,-1.6531721130636));
#5320=CARTESIAN_POINT('',(4.15700013154454,-4.825,-1.6531721130636));
#5321=CARTESIAN_POINT('',(4.15700013154454,-5.30081161506506,-1.6531721130636));
#5322=CARTESIAN_POINT('',(4.7,-4.825,-1.9031721130636));
#5323=CARTESIAN_POINT('',(3.46299986845546,-4.825,-1.9031721130636));
#5324=CARTESIAN_POINT('',(3.46299986845546,-4.825,-1.9031721130636));
#5325=CARTESIAN_POINT('',(4.7,-4.825,-1.9031721130636));
#5326=CARTESIAN_POINT('',(4.15700013154454,-4.825,-1.9031721130636));
#5327=CARTESIAN_POINT('',(4.15700013154454,-4.825,-1.9031721130636));
#5328=CARTESIAN_POINT('',(4.7,-4.13930752318343,-1.90317211306358));
#5329=CARTESIAN_POINT('',(3.46299986845546,-5.30081161506506,-1.9031721130636));
#5330=CARTESIAN_POINT('',(3.46299986845546,-4.13930752318343,-1.90317211306358));
#5331=CARTESIAN_POINT('',(4.7,-4.13930752318343,-1.90317211306358));
#5332=CARTESIAN_POINT('',(4.15700013154454,-4.13930752318343,-1.90317211306358));
#5333=CARTESIAN_POINT('',(4.15700013154454,-5.30081161506506,-1.9031721130636));
#5334=CARTESIAN_POINT('',(2.16,-4.825,-1.6531721130636));
#5335=CARTESIAN_POINT('',(2.16,-4.825,-1.6531721130636));
#5336=CARTESIAN_POINT('',(1.61700013154454,-4.825,-1.6531721130636));
#5337=CARTESIAN_POINT('',(0.922999868455463,-4.825,-1.6531721130636));
#5338=CARTESIAN_POINT('',(1.61700013154454,-5.30081161506506,-1.6531721130636));
#5339=CARTESIAN_POINT('',(1.61700013154454,-4.32181524853357,-1.65317211306358));
#5340=CARTESIAN_POINT('',(2.16,-4.32181524853357,-1.65317211306358));
#5341=CARTESIAN_POINT('',(0.922999868455377,-4.32181524853357,-1.65317211306358));
#5342=CARTESIAN_POINT('',(0.922999868455463,-5.30081161506506,-1.6531721130636));
#5343=CARTESIAN_POINT('',(2.16,-4.825,-1.9031721130636));
#5344=CARTESIAN_POINT('',(1.61700013154454,-4.825,-1.9031721130636));
#5345=CARTESIAN_POINT('',(1.61700013154454,-4.825,-1.9031721130636));
#5346=CARTESIAN_POINT('',(0.922999868455463,-4.825,-1.9031721130636));
#5347=CARTESIAN_POINT('',(0.922999868455463,-4.825,-1.9031721130636));
#5348=CARTESIAN_POINT('',(2.16,-4.825,-1.9031721130636));
#5349=CARTESIAN_POINT('',(2.16,-4.13930752318343,-1.90317211306358));
#5350=CARTESIAN_POINT('',(1.61700013154454,-5.30081161506506,-1.9031721130636));
#5351=CARTESIAN_POINT('',(1.61700013154454,-4.13930752318343,-1.90317211306358));
#5352=CARTESIAN_POINT('',(0.922999868455463,-5.30081161506506,-1.9031721130636));
#5353=CARTESIAN_POINT('',(0.922999868455463,-4.13930752318343,-1.90317211306358));
#5354=CARTESIAN_POINT('',(2.16,-4.13930752318343,-1.90317211306358));
#5355=CARTESIAN_POINT('',(2.16,3.15759446410892,-0.109894228596061));
#5356=CARTESIAN_POINT('',(0.38,3.15759446410892,-0.109894228596061));
#5357=CARTESIAN_POINT('',(0.38,3.15759446410892,-0.109894228596063));
#5358=CARTESIAN_POINT('',(2.16,3.15759446410892,-0.109894228596061));
#5359=CARTESIAN_POINT('',(2.16,3.15759446410892,-0.109894228596061));
#5360=CARTESIAN_POINT('',(2.16,3.15759446410892,-0.109894228596061));
#5361=CARTESIAN_POINT('',(-0.38,3.15759446410892,-0.109894228596061));
#5362=CARTESIAN_POINT('',(-2.16,3.15759446410892,-0.109894228596061));
#5363=CARTESIAN_POINT('',(-2.16,3.15759446410892,-0.109894228596063));
#5364=CARTESIAN_POINT('',(-0.38,3.15759446410892,-0.109894228596061));
#5365=CARTESIAN_POINT('',(-0.38,3.15759446410892,-0.109894228596061));
#5366=CARTESIAN_POINT('',(-0.38,3.15759446410892,-0.109894228596061));
#5367=CARTESIAN_POINT('',(-2.92,3.15759446410892,-0.109894228596061));
#5368=CARTESIAN_POINT('',(-2.92,3.15759446410892,-0.109894228596061));
#5369=CARTESIAN_POINT('',(-2.92,3.15759446410892,-0.109894228596061));
#5370=CARTESIAN_POINT('',(-4.24416883155184,3.15759446410892,-0.109894228596061));
#5371=CARTESIAN_POINT('',(-4.24416883155184,3.15759446410892,-0.109894228596061));
#5372=CARTESIAN_POINT('',(-2.92,3.15759446410892,-0.109894228596061));
#5373=CARTESIAN_POINT('',(-0.38,-4.13930752318344,-1.70317211306358));
#5374=CARTESIAN_POINT('',(-0.922999868455464,-4.13930752318344,-1.70317211306358));
#5375=CARTESIAN_POINT('',(-0.922999868455464,-3.94881644994022,-1.76410774315507));
#5376=CARTESIAN_POINT('',(-1.61700013154454,-4.13930752318344,-1.70317211306358));
#5377=CARTESIAN_POINT('',(-1.61700013154454,-3.94881644994022,-1.76410774315507));
#5378=CARTESIAN_POINT('',(-0.38,-3.94881644994022,-1.76410774315507));
#5379=CARTESIAN_POINT('',(-0.922999868455464,-5.30081161506506,-1.6531721130636));
#5380=CARTESIAN_POINT('',(-0.922999868455464,-3.46413983890563,-0.24895859850457));
#5381=CARTESIAN_POINT('',(-0.922999868455464,-3.91332957696434,-1.6531721130636));
#5382=CARTESIAN_POINT('',(-0.922999868455464,-5.30081161506506,-1.6531721130636));
#5383=CARTESIAN_POINT('',(-0.38,-4.32181524853358,-1.45317211306358));
#5384=CARTESIAN_POINT('',(-0.142066738261604,-4.32181524853358,-1.45317211306358));
#5385=CARTESIAN_POINT('',(-0.38,-4.13132417529036,-1.51410774315507));
#5386=CARTESIAN_POINT('',(-0.38,-4.13132417529036,-1.51410774315507));
#5387=CARTESIAN_POINT('',(-2.16,-4.13132417529036,-1.51410774315507));
#5388=CARTESIAN_POINT('',(-2.3979332617384,-4.32181524853358,-1.45317211306358));
#5389=CARTESIAN_POINT('',(-1.61700013154454,-5.30081161506506,-1.6531721130636));
#5390=CARTESIAN_POINT('',(-1.61700013154454,-3.46413983890563,-0.24895859850457));
#5391=CARTESIAN_POINT('',(-1.61700013154454,-3.91332957696434,-1.6531721130636));
#5392=CARTESIAN_POINT('',(-1.61700013154454,-5.30081161506506,-1.6531721130636));
#5393=CARTESIAN_POINT('',(2.92,3.27364876566241,-0.309894228596062));
#5394=CARTESIAN_POINT('',(2.92,3.175,0.));
#5395=CARTESIAN_POINT('',(2.92,3.175,0.));
#5396=CARTESIAN_POINT('',(2.92,3.175,0.));
#5397=CARTESIAN_POINT('',(-2.92,3.47861474208348,0.0698989590144749));
#5398=CARTESIAN_POINT('',(-4.24416883155184,4.96764147042923,0.0698989590144749));
#5399=CARTESIAN_POINT('',(-4.24416883155184,3.16392909249722,0.069898959014475));
#5400=CARTESIAN_POINT('',(-2.92,3.16392909249722,0.0698989590144749));
#5401=CARTESIAN_POINT('',(-2.92,3.16392909249722,0.0698989590144749));
#5402=CARTESIAN_POINT('',(-2.92,3.47861474208348,0.0698989590144749));
#5403=CARTESIAN_POINT('',(-2.92,3.27364876566241,-0.309894228596062));
#5404=CARTESIAN_POINT('',(-2.92,3.175,0.));
#5405=CARTESIAN_POINT('',(-2.92,3.175,0.));
#5406=CARTESIAN_POINT('',(-2.92,3.175,0.));
#5407=CARTESIAN_POINT('',(-2.16,3.27364876566241,-0.309894228596062));
#5408=CARTESIAN_POINT('',(-2.16,3.175,0.));
#5409=CARTESIAN_POINT('',(-2.16,3.175,0.));
#5410=CARTESIAN_POINT('',(-2.16,3.175,0.));
#5411=CARTESIAN_POINT('',(-2.16,3.16392909249722,0.0698989590144749));
#5412=CARTESIAN_POINT('',(-2.16,3.47861474208348,0.0698989590144749));
#5413=CARTESIAN_POINT('',(-0.38,3.47861474208348,0.0698989590144749));
#5414=CARTESIAN_POINT('',(-0.38,3.16392909249722,0.0698989590144749));
#5415=CARTESIAN_POINT('',(-0.38,3.16392909249722,0.0698989590144749));
#5416=CARTESIAN_POINT('',(-0.38,3.47861474208348,0.0698989590144749));
#5417=CARTESIAN_POINT('',(-0.38,3.27364876566241,-0.309894228596062));
#5418=CARTESIAN_POINT('',(-0.38,3.175,0.));
#5419=CARTESIAN_POINT('',(-0.38,3.175,0.));
#5420=CARTESIAN_POINT('',(-0.38,3.175,0.));
#5421=CARTESIAN_POINT('',(0.38,3.27364876566241,-0.309894228596062));
#5422=CARTESIAN_POINT('',(0.38,3.175,0.));
#5423=CARTESIAN_POINT('',(0.38,3.175,0.));
#5424=CARTESIAN_POINT('',(0.38,3.175,0.));
#5425=CARTESIAN_POINT('',(0.38,3.16392909249722,0.0698989590144749));
#5426=CARTESIAN_POINT('',(0.38,3.47861474208348,0.0698989590144749));
#5427=CARTESIAN_POINT('',(2.16,3.47861474208348,0.0698989590144749));
#5428=CARTESIAN_POINT('',(2.16,3.16392909249722,0.0698989590144749));
#5429=CARTESIAN_POINT('',(2.16,3.16392909249722,0.0698989590144749));
#5430=CARTESIAN_POINT('',(2.16,3.47861474208348,0.0698989590144749));
#5431=CARTESIAN_POINT('',(2.16,3.27364876566241,-0.309894228596062));
#5432=CARTESIAN_POINT('',(2.16,3.175,0.));
#5433=CARTESIAN_POINT('',(2.16,3.175,0.));
#5434=CARTESIAN_POINT('',(2.16,3.175,0.));
#5435=CARTESIAN_POINT('',(4.7,-4.13930752318344,-1.70317211306358));
#5436=CARTESIAN_POINT('',(3.46299986845546,-4.13930752318344,-1.70317211306358));
#5437=CARTESIAN_POINT('',(4.15700013154454,-4.13930752318344,-1.70317211306358));
#5438=CARTESIAN_POINT('',(4.15700013154454,-5.30081161506506,-1.6531721130636));
#5439=CARTESIAN_POINT('',(3.46299986845546,-5.30081161506506,-1.6531721130636));
#5440=CARTESIAN_POINT('',(3.46299986845546,-5.30081161506506,-1.6531721130636));
#5441=CARTESIAN_POINT('',(2.16,-4.13930752318344,-1.70317211306358));
#5442=CARTESIAN_POINT('',(1.61700013154454,-4.13930752318344,-1.70317211306358));
#5443=CARTESIAN_POINT('',(1.61700013154454,-3.94881644994022,-1.76410774315507));
#5444=CARTESIAN_POINT('',(0.922999868455463,-4.13930752318344,-1.70317211306358));
#5445=CARTESIAN_POINT('',(0.922999868455463,-3.94881644994022,-1.76410774315507));
#5446=CARTESIAN_POINT('',(2.16,-3.94881644994022,-1.76410774315507));
#5447=CARTESIAN_POINT('',(1.61700013154454,-5.30081161506506,-1.6531721130636));
#5448=CARTESIAN_POINT('',(1.61700013154454,-3.46413983890563,-0.24895859850457));
#5449=CARTESIAN_POINT('',(1.61700013154454,-3.91332957696434,-1.6531721130636));
#5450=CARTESIAN_POINT('',(1.61700013154454,-5.30081161506506,-1.6531721130636));
#5451=CARTESIAN_POINT('',(2.16,-4.32181524853358,-1.45317211306358));
#5452=CARTESIAN_POINT('',(2.3979332617384,-4.32181524853358,-1.45317211306358));
#5453=CARTESIAN_POINT('',(2.16,-4.13132417529036,-1.51410774315507));
#5454=CARTESIAN_POINT('',(2.16,-4.13132417529036,-1.51410774315507));
#5455=CARTESIAN_POINT('',(0.38,-4.13132417529036,-1.51410774315507));
#5456=CARTESIAN_POINT('',(0.142066738261604,-4.32181524853358,-1.45317211306358));
#5457=CARTESIAN_POINT('',(0.922999868455463,-5.30081161506506,-1.6531721130636));
#5458=CARTESIAN_POINT('',(0.922999868455463,-3.46413983890563,-0.24895859850457));
#5459=CARTESIAN_POINT('',(0.922999868455463,-3.91332957696434,-1.6531721130636));
#5460=CARTESIAN_POINT('',(0.922999868455463,-5.30081161506506,-1.6531721130636));
#5461=CARTESIAN_POINT('',(0.,3.175,0.));
#5462=CARTESIAN_POINT('',(-4.24416883155184,3.175,0.));
#5463=CARTESIAN_POINT('',(-4.24416883155184,3.175,-1.88051102091755E-15));
#5464=CARTESIAN_POINT('',(0.,3.175,0.));
#5465=CARTESIAN_POINT('',(0.,3.175,0.));
#5466=CARTESIAN_POINT('',(0.,3.175,0.));
#5467=CARTESIAN_POINT('',(4.24416883155184,2.95455350105238,-1.39184441663534));
#5468=CARTESIAN_POINT('',(0.,3.175,0.));
#5469=CARTESIAN_POINT('',(4.9,3.175,0.));
#5470=CARTESIAN_POINT('',(4.78295281345677,3.05795281345676,-0.739006851325804));
#5471=CARTESIAN_POINT('',(4.61807569622233,2.89307569622233,-1.78));
#5472=CARTESIAN_POINT('',(0.,2.89307569622233,-1.78));
#5473=CARTESIAN_POINT('',(-4.61807569622233,2.89307569622233,-1.78));
#5474=CARTESIAN_POINT('',(-4.82415820055617,3.09915820055617,-0.478846276114169));
#5475=CARTESIAN_POINT('',(-4.9,3.175,0.));
#5476=CARTESIAN_POINT('',(0.,3.175,0.));
#5477=CARTESIAN_POINT('',(-0.38,-5.30081161506506,-1.51410774315507));
#5478=CARTESIAN_POINT('',(-0.0469173715695248,-3.84155711740246,-1.42880399164236));
#5479=CARTESIAN_POINT('',(-0.38,-3.86884468400123,-1.51410774315507));
#5480=CARTESIAN_POINT('',(-0.38,-5.30081161506506,-1.51410774315507));
#5481=CARTESIAN_POINT('',(-0.38,-3.46413983890563,-0.248958598504569));
#5482=CARTESIAN_POINT('',(-0.833100634477167,-3.97755000729349,-1.85393181111172));
#5483=CARTESIAN_POINT('',(-2.16,-3.86884468400123,-1.51410774315507));
#5484=CARTESIAN_POINT('',(-2.16,-3.46413983890563,-0.248958598504569));
#5485=CARTESIAN_POINT('',(-2.16,-3.46413983890563,-0.248958598504569));
#5486=CARTESIAN_POINT('',(-0.38,-3.46413983890563,-0.248958598504569));
#5487=CARTESIAN_POINT('',(-0.38,-3.46413983890563,-0.248958598504569));
#5488=CARTESIAN_POINT('',(-0.38,-3.46413983890563,-0.248958598504569));
#5489=CARTESIAN_POINT('',(-0.38,-3.27364876566241,-0.309894228596062));
#5490=CARTESIAN_POINT('',(-2.16,-3.27364876566241,-0.309894228596062));
#5491=CARTESIAN_POINT('',(-2.16,-3.27364876566241,-0.109894228596062));
#5492=CARTESIAN_POINT('',(-0.38,-3.27364876566241,-0.109894228596062));
#5493=CARTESIAN_POINT('',(-0.38,-3.27364876566241,-0.109894228596062));
#5494=CARTESIAN_POINT('',(-0.38,-3.27364876566241,-0.309894228596062));
#5495=CARTESIAN_POINT('',(-0.38,-3.47861474208348,-0.130101040985525));
#5496=CARTESIAN_POINT('',(-2.16,-3.47861474208348,-0.130101040985525));
#5497=CARTESIAN_POINT('',(-2.16,-3.6691058153267,-0.0691654108940323));
#5498=CARTESIAN_POINT('',(-2.16,-3.47861474208348,0.0698989590144749));
#5499=CARTESIAN_POINT('',(-0.38,-3.6691058153267,-0.0691654108940323));
#5500=CARTESIAN_POINT('',(-0.38,-3.6691058153267,-0.0691654108940323));
#5501=CARTESIAN_POINT('',(-0.38,-3.47861474208348,-0.130101040985525));
#5502=CARTESIAN_POINT('',(-0.38,-3.47861474208348,0.0698989590144749));
#5503=CARTESIAN_POINT('',(-0.38,-3.47861474208348,0.0698989590144749));
#5504=CARTESIAN_POINT('',(-0.38,-4.13132417529036,-1.51410774315507));
#5505=CARTESIAN_POINT('',(-2.16,-4.13132417529036,-1.51410774315507));
#5506=CARTESIAN_POINT('',(-0.38,-4.13132417529036,-1.51410774315507));
#5507=CARTESIAN_POINT('',(-2.16,-5.30081161506506,-1.51410774315507));
#5508=CARTESIAN_POINT('',(-2.16,-5.30081161506506,-1.51410774315507));
#5509=CARTESIAN_POINT('',(0.,3.175,0.));
#5510=CARTESIAN_POINT('',(-4.24416883155184,3.47615800384614,-1.90143680294008));
#5511=CARTESIAN_POINT('',(-4.82415820055617,3.09915820055617,0.478846276114169));
#5512=CARTESIAN_POINT('',(-4.61807569622233,2.89307569622233,1.78));
#5513=CARTESIAN_POINT('',(0.,2.89307569622233,1.78));
#5514=CARTESIAN_POINT('',(4.61807569622233,2.89307569622233,1.78));
#5515=CARTESIAN_POINT('',(4.78295281345677,3.05795281345676,0.739006851325804));
#5516=CARTESIAN_POINT('',(2.92,-5.30081161506506,-1.51410774315507));
#5517=CARTESIAN_POINT('',(2.92,-5.30081161506506,-1.51410774315507));
#5518=CARTESIAN_POINT('',(2.16,-5.30081161506506,-1.51410774315507));
#5519=CARTESIAN_POINT('',(2.49308262843048,-3.84155711740246,-1.42880399164236));
#5520=CARTESIAN_POINT('',(2.16,-3.86884468400123,-1.51410774315507));
#5521=CARTESIAN_POINT('',(2.16,-5.30081161506506,-1.51410774315507));
#5522=CARTESIAN_POINT('',(2.16,-3.46413983890563,-0.248958598504569));
#5523=CARTESIAN_POINT('',(1.70689936552283,-3.97755000729349,-1.85393181111172));
#5524=CARTESIAN_POINT('',(0.38,-3.86884468400123,-1.51410774315507));
#5525=CARTESIAN_POINT('',(0.38,-3.46413983890563,-0.248958598504569));
#5526=CARTESIAN_POINT('',(0.38,-3.46413983890563,-0.248958598504569));
#5527=CARTESIAN_POINT('',(2.16,-3.46413983890563,-0.248958598504569));
#5528=CARTESIAN_POINT('',(2.16,-3.46413983890563,-0.248958598504569));
#5529=CARTESIAN_POINT('',(2.16,-3.46413983890563,-0.248958598504569));
#5530=CARTESIAN_POINT('',(2.16,-3.27364876566241,-0.309894228596062));
#5531=CARTESIAN_POINT('',(0.38,-3.27364876566241,-0.309894228596062));
#5532=CARTESIAN_POINT('',(0.38,-3.27364876566241,-0.109894228596062));
#5533=CARTESIAN_POINT('',(2.16,-3.27364876566241,-0.109894228596062));
#5534=CARTESIAN_POINT('',(2.16,-3.27364876566241,-0.109894228596062));
#5535=CARTESIAN_POINT('',(2.16,-3.27364876566241,-0.309894228596062));
#5536=CARTESIAN_POINT('',(2.16,-3.47861474208348,-0.130101040985525));
#5537=CARTESIAN_POINT('',(0.38,-3.47861474208348,-0.130101040985525));
#5538=CARTESIAN_POINT('',(0.38,-3.6691058153267,-0.0691654108940323));
#5539=CARTESIAN_POINT('',(0.38,-3.47861474208348,0.0698989590144749));
#5540=CARTESIAN_POINT('',(2.16,-3.6691058153267,-0.0691654108940323));
#5541=CARTESIAN_POINT('',(2.16,-3.6691058153267,-0.0691654108940323));
#5542=CARTESIAN_POINT('',(2.16,-3.47861474208348,-0.130101040985525));
#5543=CARTESIAN_POINT('',(2.16,-3.47861474208348,0.0698989590144749));
#5544=CARTESIAN_POINT('',(2.16,-3.47861474208348,0.0698989590144749));
#5545=CARTESIAN_POINT('',(2.16,-4.13132417529036,-1.51410774315507));
#5546=CARTESIAN_POINT('',(0.38,-4.13132417529036,-1.51410774315507));
#5547=CARTESIAN_POINT('',(2.16,-4.13132417529036,-1.51410774315507));
#5548=CARTESIAN_POINT('',(0.38,-5.30081161506506,-1.51410774315507));
#5549=CARTESIAN_POINT('',(0.38,-5.30081161506506,-1.51410774315507));
#5550=CARTESIAN_POINT('',(2.16,-3.15759446410892,-0.109894228596061));
#5551=CARTESIAN_POINT('',(0.38,-3.15759446410892,-0.109894228596061));
#5552=CARTESIAN_POINT('',(0.38,-3.15759446410892,-0.109894228596061));
#5553=CARTESIAN_POINT('',(2.16,-3.15759446410892,-0.109894228596061));
#5554=CARTESIAN_POINT('',(2.16,-3.15759446410892,-0.109894228596063));
#5555=CARTESIAN_POINT('',(2.16,-3.15759446410892,-0.109894228596061));
#5556=CARTESIAN_POINT('',(4.9,0.,0.));
#5557=CARTESIAN_POINT('',(4.9,0.,0.));
#5558=CARTESIAN_POINT('',(4.9,-3.175,0.));
#5559=CARTESIAN_POINT('',(4.82415820055617,-3.09915820055617,-0.478846276114169));
#5560=CARTESIAN_POINT('',(4.61807569622233,-2.89307569622233,-1.78));
#5561=CARTESIAN_POINT('',(4.61807569622233,0.,-1.78));
#5562=CARTESIAN_POINT('',(0.,0.,-1.78));
#5563=CARTESIAN_POINT('',(0.,-2.89307569622233,-1.78));
#5564=CARTESIAN_POINT('',(-4.61807569622233,-2.89307569622233,-1.78));
#5565=CARTESIAN_POINT('',(-4.61807569622233,0.,-1.78));
#5566=CARTESIAN_POINT('',(-4.9,0.,0.));
#5567=CARTESIAN_POINT('',(-4.9,0.,0.));
#5568=CARTESIAN_POINT('',(-4.9,-3.175,0.));
#5569=CARTESIAN_POINT('',(-4.78295281345677,-3.05795281345676,-0.739006851325804));
#5570=CARTESIAN_POINT('',(-0.38,-3.15759446410892,-0.109894228596061));
#5571=CARTESIAN_POINT('',(-2.16,-3.15759446410892,-0.109894228596061));
#5572=CARTESIAN_POINT('',(-2.16,-3.15759446410892,-0.109894228596061));
#5573=CARTESIAN_POINT('',(-0.38,-3.15759446410892,-0.109894228596061));
#5574=CARTESIAN_POINT('',(-0.38,-3.15759446410892,-0.109894228596063));
#5575=CARTESIAN_POINT('',(-0.38,-3.15759446410892,-0.109894228596061));
#5576=CARTESIAN_POINT('',(-0.38,-3.27364876566241,-0.309894228596062));
#5577=CARTESIAN_POINT('',(-0.38,-3.175,0.));
#5578=CARTESIAN_POINT('',(-0.38,-3.175,0.));
#5579=CARTESIAN_POINT('',(-0.38,-3.175,0.));
#5580=CARTESIAN_POINT('',(-0.38,-3.16392909249722,0.0698989590144752));
#5581=CARTESIAN_POINT('',(-0.38,-3.47861474208348,0.0698989590144749));
#5582=CARTESIAN_POINT('',(-0.38,-3.47861474208348,0.0698989590144749));
#5583=CARTESIAN_POINT('',(-2.16,-3.47861474208348,0.0698989590144749));
#5584=CARTESIAN_POINT('',(-2.16,-3.16392909249722,0.069898959014475));
#5585=CARTESIAN_POINT('',(-0.38,-3.16392909249722,0.0698989590144749));
#5586=CARTESIAN_POINT('',(-2.16,-3.27364876566241,-0.309894228596062));
#5587=CARTESIAN_POINT('',(-2.16,-3.175,0.));
#5588=CARTESIAN_POINT('',(-2.16,-3.175,0.));
#5589=CARTESIAN_POINT('',(-2.16,-3.175,0.));
#5590=CARTESIAN_POINT('',(-4.9,0.,0.));
#5591=CARTESIAN_POINT('',(-4.78295281345677,-3.05795281345676,0.739006851325804));
#5592=CARTESIAN_POINT('',(-4.61807569622233,-2.89307569622233,1.78));
#5593=CARTESIAN_POINT('',(-4.61807569622233,0.,1.78));
#5594=CARTESIAN_POINT('',(0.,0.,1.78));
#5595=CARTESIAN_POINT('',(-3.80960799421932,-2.09781795787985,1.78));
#5596=CARTESIAN_POINT('',(-3.38357853368096,-2.09781795787985,1.78));
#5597=CARTESIAN_POINT('',(0.,-2.89307569622233,1.78));
#5598=CARTESIAN_POINT('',(4.61807569622233,-2.89307569622233,1.78));
#5599=CARTESIAN_POINT('',(4.61807569622233,0.,1.78));
#5600=CARTESIAN_POINT('',(4.9,0.,0.));
#5601=CARTESIAN_POINT('',(4.82415820055617,-3.09915820055617,0.478846276114169));
#5602=CARTESIAN_POINT('',(4.7,-3.47861474208348,0.0698989590144749));
#5603=CARTESIAN_POINT('',(4.24416883155184,-8.15865360745195,0.0698989590144749));
#5604=CARTESIAN_POINT('',(4.24416883155184,-3.16392909249722,0.0698989590144749));
#5605=CARTESIAN_POINT('',(4.7,-3.16392909249722,0.0698989590144749));
#5606=CARTESIAN_POINT('',(2.92,-3.16392909249722,0.069898959014475));
#5607=CARTESIAN_POINT('',(2.92,-3.47861474208348,0.0698989590144749));
#5608=CARTESIAN_POINT('',(2.92,-3.27364876566241,-0.309894228596062));
#5609=CARTESIAN_POINT('',(2.92,-3.175,0.));
#5610=CARTESIAN_POINT('',(2.92,-3.175,0.));
#5611=CARTESIAN_POINT('',(2.92,-3.175,0.));
#5612=CARTESIAN_POINT('',(2.16,-3.27364876566241,-0.309894228596062));
#5613=CARTESIAN_POINT('',(2.16,-3.175,0.));
#5614=CARTESIAN_POINT('',(2.16,-3.175,0.));
#5615=CARTESIAN_POINT('',(2.16,-3.175,0.));
#5616=CARTESIAN_POINT('',(2.16,-3.16392909249722,0.0698989590144752));
#5617=CARTESIAN_POINT('',(2.16,-3.47861474208348,0.0698989590144749));
#5618=CARTESIAN_POINT('',(2.16,-3.47861474208348,0.0698989590144749));
#5619=CARTESIAN_POINT('',(0.38,-3.47861474208348,0.0698989590144749));
#5620=CARTESIAN_POINT('',(0.38,-3.16392909249722,0.069898959014475));
#5621=CARTESIAN_POINT('',(2.16,-3.16392909249722,0.0698989590144749));
#5622=CARTESIAN_POINT('',(0.38,-3.27364876566241,-0.309894228596062));
#5623=CARTESIAN_POINT('',(0.38,-3.175,0.));
#5624=CARTESIAN_POINT('',(0.38,-3.175,0.));
#5625=CARTESIAN_POINT('',(0.38,-3.175,0.));
#5626=CARTESIAN_POINT('',(-2.92,-4.32181524853358,-1.45317211306358));
#5627=CARTESIAN_POINT('',(-4.24416883155184,-4.32181524853358,-1.45317211306358));
#5628=CARTESIAN_POINT('',(-4.24416883155184,-4.13132417529036,-1.51410774315507));
#5629=CARTESIAN_POINT('',(-2.92,-4.32181524853357,-1.65317211306358));
#5630=CARTESIAN_POINT('',(-2.92,-4.13132417529036,-1.51410774315507));
#5631=CARTESIAN_POINT('',(-2.92,-4.825,-1.6531721130636));
#5632=CARTESIAN_POINT('',(-2.92,-4.825,-1.6531721130636));
#5633=CARTESIAN_POINT('',(-2.92,-4.825,-1.9031721130636));
#5634=CARTESIAN_POINT('',(-2.92,-4.825,-1.9031721130636));
#5635=CARTESIAN_POINT('',(-2.92,-4.13930752318343,-1.90317211306358));
#5636=CARTESIAN_POINT('',(-2.92,-4.13930752318343,-1.90317211306358));
#5637=CARTESIAN_POINT('',(-2.92,-4.13930752318344,-1.70317211306358));
#5638=CARTESIAN_POINT('',(-2.92,-3.94881644994022,-1.76410774315507));
#5639=CARTESIAN_POINT('',(-2.92,-3.46413983890563,-0.248958598504569));
#5640=CARTESIAN_POINT('',(-4.24416883155184,-3.46413983890563,-0.248958598504569));
#5641=CARTESIAN_POINT('',(-4.24416883155184,-3.46413983890563,-0.248958598504569));
#5642=CARTESIAN_POINT('',(-2.92,-3.46413983890563,-0.248958598504569));
#5643=CARTESIAN_POINT('',(-2.92,-3.46413983890563,-0.248958598504569));
#5644=CARTESIAN_POINT('',(-2.92,-3.46413983890563,-0.248958598504569));
#5645=CARTESIAN_POINT('',(-2.92,-3.27364876566241,-0.309894228596062));
#5646=CARTESIAN_POINT('',(-4.24416883155184,-3.27364876566241,-0.309894228596062));
#5647=CARTESIAN_POINT('',(-4.24416883155184,-3.27364876566241,-0.109894228596062));
#5648=CARTESIAN_POINT('',(-2.92,-3.27364876566241,-0.109894228596062));
#5649=CARTESIAN_POINT('',(-2.92,-3.27364876566241,-0.109894228596062));
#5650=CARTESIAN_POINT('',(-2.92,-3.27364876566241,-0.309894228596062));
#5651=CARTESIAN_POINT('',(-2.92,-3.15759446410892,-0.109894228596061));
#5652=CARTESIAN_POINT('',(-4.24416883155184,-3.15759446410892,-0.109894228596061));
#5653=CARTESIAN_POINT('',(-4.24416883155184,-3.15759446410892,-0.109894228596061));
#5654=CARTESIAN_POINT('',(-2.92,-3.15759446410892,-0.109894228596061));
#5655=CARTESIAN_POINT('',(-2.92,-3.15759446410892,-0.109894228596063));
#5656=CARTESIAN_POINT('',(-2.92,-3.15759446410892,-0.109894228596061));
#5657=CARTESIAN_POINT('',(0.,-3.175,0.));
#5658=CARTESIAN_POINT('',(4.24416883155184,-3.175,0.));
#5659=CARTESIAN_POINT('',(4.24416883155184,-3.175,0.));
#5660=CARTESIAN_POINT('',(0.,-3.175,0.));
#5661=CARTESIAN_POINT('',(0.,-3.175,0.));
#5662=CARTESIAN_POINT('',(0.,-3.175,0.));
#5663=CARTESIAN_POINT('',(-2.92,-3.175,0.));
#5664=CARTESIAN_POINT('',(-2.92,-3.175,0.));
#5665=CARTESIAN_POINT('',(-4.24416883155184,-3.30775866767576,0.838205239124052));
#5666=CARTESIAN_POINT('',(-4.24416883155184,-3.175,-2.18914786525472E-15));
#5667=CARTESIAN_POINT('',(0.,-3.175,0.));
#5668=CARTESIAN_POINT('',(0.,-3.175,0.));
#5669=CARTESIAN_POINT('',(0.,-3.175,0.));
#5670=CARTESIAN_POINT('',(4.24416883155184,-3.28615870145117,-0.701828419656613));
#5671=CARTESIAN_POINT('',(-4.24416883155184,-3.175,0.));
#5672=CARTESIAN_POINT('',(-2.92,-3.175,0.));
#5673=CARTESIAN_POINT('',(-2.92,-3.47861474208348,-0.130101040985525));
#5674=CARTESIAN_POINT('',(-4.24416883155184,-3.47861474208348,-0.130101040985525));
#5675=CARTESIAN_POINT('',(-4.24416883155184,-3.6691058153267,-0.0691654108940323));
#5676=CARTESIAN_POINT('',(-2.92,-3.6691058153267,-0.0691654108940323));
#5677=CARTESIAN_POINT('',(-2.92,-3.6691058153267,-0.0691654108940323));
#5678=CARTESIAN_POINT('',(-2.92,-3.47861474208348,-0.130101040985525));
#5679=CARTESIAN_POINT('',(-2.92,-4.13132417529036,-1.51410774315507));
#5680=CARTESIAN_POINT('',(-4.24416883155184,-4.13132417529036,-1.51410774315507));
#5681=CARTESIAN_POINT('',(-2.92,-4.13132417529036,-1.51410774315507));
#5682=CARTESIAN_POINT('',(-2.92,-3.27364876566241,-0.309894228596062));
#5683=CARTESIAN_POINT('',(4.24416883155184,4.96764147042923,-1.71068622798914));
#5684=CARTESIAN_POINT('',(-4.24416883155184,4.96764147042923,-1.66520902883202));
#5685=CARTESIAN_POINT('',(-4.24416883155184,-8.15865360745195,0.0698989590144749));
#5686=CARTESIAN_POINT('',(4.24416883155184,-8.15865360745195,0.0698989590144749));
#5687=CARTESIAN_POINT('',(-3.80960799421932,-2.09781795787985,1.58779006105076));
#5688=CARTESIAN_POINT('',(-3.80960799421932,-2.09781795787985,1.58779006105076));
#5689=CARTESIAN_POINT('',(-3.38357853368096,-2.09781795787985,1.58779006105076));
#5690=CARTESIAN_POINT('',(-3.80960799421932,-2.09781795787985,1.58779006105076));
#5691=CARTESIAN_POINT('',(0.,0.,0.));
#5692=MECHANICAL_DESIGN_GEOMETRIC_PRESENTATION_REPRESENTATION('',(#2680,
#2681,#2682,#2683,#2684,#2685,#2686,#2687,#2688,#2689,#2690,#2691,#2692,
#2693,#2694,#2695,#2696,#2697,#2698,#2699,#2700,#2701,#2702,#2703,#2704,
#2705,#2706,#2707,#2708,#2709,#2710,#2711,#2712,#2713,#2714,#2715,#2716,
#2717,#2718,#2719,#2720,#2721,#2722,#2723,#2724,#2725,#2726,#2727,#2728,
#2729,#2730,#2731,#2732,#2733,#2734,#2735,#2736,#2737,#2738,#2739,#2740,
#2741,#2742,#2743,#2744,#2745,#2746,#2747,#2748,#2749,#2750,#2751,#2752,
#2753,#2754,#2755,#2756,#2757,#2758,#2759,#2760,#2761,#2762,#2763,#2764,
#2765,#2766,#2767,#2768,#2769,#2770,#2771,#2772,#2773,#2774,#2775,#2776,
#2777,#2778,#2779,#2780,#2781,#2782,#2783,#2784,#2785,#2786,#2787,#2788,
#2789,#2790,#2791,#2792,#2793,#2794,#2795,#2796,#2797,#2798,#2799,#2800,
#2801,#2802,#2803,#2804,#2805,#2806,#2807,#2808,#2809,#2810,#2811,#2812,
#2813,#2814,#2815,#2816,#2817,#2818,#2819,#2820,#2821,#2822,#2823,#2824,
#2825,#2826,#2827,#2828),#5693);
#5693=(
GEOMETRIC_REPRESENTATION_CONTEXT(3)
GLOBAL_UNCERTAINTY_ASSIGNED_CONTEXT((#5694))
GLOBAL_UNIT_ASSIGNED_CONTEXT((#5697,#5696,#5695))
REPRESENTATION_CONTEXT('HCPL-7800A-300E','TOP_LEVEL_ASSEMBLY_PART')
);
#5694=UNCERTAINTY_MEASURE_WITH_UNIT(LENGTH_MEASURE(0.005),#5697,
'DISTANCE_ACCURACY_VALUE','Maximum Tolerance applied to model');
#5695=(
NAMED_UNIT(*)
SI_UNIT($,.STERADIAN.)
SOLID_ANGLE_UNIT()
);
#5696=(
NAMED_UNIT(*)
PLANE_ANGLE_UNIT()
SI_UNIT($,.RADIAN.)
);
#5697=(
LENGTH_UNIT()
NAMED_UNIT(*)
SI_UNIT(.MILLI.,.METRE.)
);
#5698=PRODUCT_DEFINITION_SHAPE('','',#5699);
#5699=PRODUCT_DEFINITION('','',#5701,#5700);
#5700=PRODUCT_DEFINITION_CONTEXT('',#5707,'design');
#5701=PRODUCT_DEFINITION_FORMATION_WITH_SPECIFIED_SOURCE('','',#5703,
 .NOT_KNOWN.);
#5702=PRODUCT_RELATED_PRODUCT_CATEGORY('','',(#5703));
#5703=PRODUCT('HCPL-7800A-300E','HCPL-7800A-300E','HCPL-7800A-300E',(#5705));
#5704=PRODUCT_CATEGORY('','');
#5705=PRODUCT_CONTEXT('',#5707,'mechanical');
#5706=APPLICATION_PROTOCOL_DEFINITION('international standard',
'ap242_managed_model_based_3d_engineering',2011,#5707);
#5707=APPLICATION_CONTEXT('managed model based 3d engineering');
ENDSEC;
END-ISO-10303-21;
